region_id,population,cvap_total,hisp_cvap_share,white_cvap_share,black_cvap_share,ba_plus_share,med_income,registered_2024,voted_2022,dem_pres16,rep_pres16,dem_sen18,rep_sen18,dem_gov18,rep_gov18,dem_pres20,rep_pres20,dem_sen20,rep_sen20,dem_gov22,rep_gov22,dem_pres24,rep_pres24,dem_sen24,rep_sen24,ballots_mean,ballots_q05,ballots_q95,talarico_mean,talarico_q05,talarico_q95,paxton_mean,paxton_q05,paxton_q95,brown_mean,area_sqmi,margin,brown_share,net_votes_per_sqmi
CD01,766987,559832,0.1077,0.6721,0.1836,0.1546,69571,484307,229439,71379,201720,69152,176461,62157,182092,89089,230990,85318,230004,53080,179621,80852,241942,82929,234536,259082,224779,294717,78780,65800,92740,171082,147874,194914,9219,9640.645,-0.3563,0.0356,-9.6
CD02,766987,522615,0.2267,0.5583,0.1369,0.262,114431,487250,237576,84117,162635,91522,146877,78832,157878,127686,198435,118090,201634,88610,147085,127853,204813,133407,195009,268833,230185,309944,117798,97361,139788,139571,118299,162712,11464,507.989,-0.081,0.0426,-42.9
CD03,766987,554159,0.1449,0.6273,0.1195,0.2743,118004,513380,250655,84191,157203,98487,144148,83551,155620,136800,195921,123595,199678,95516,155585,136991,223426,146460,210998,293367,247347,342234,129637,104196,157648,149535,125922,174723,14195,3379.377,-0.0678,0.0484,-5.9
CD04,766987,546961,0.098,0.673,0.0956,0.3059,126102,501259,259206,91160,165693,104025,152157,87280,165418,143792,207324,129987,213349,98615,162221,134684,225234,142662,214808,295547,254256,338603,128931,106481,153198,153879,131684,177172,12736,4689.322,-0.0844,0.0431,-5.3
CD05,766987,525143,0.2035,0.5646,0.174,0.1716,85078,446915,203126,85906,139891,91400,122192,78927,132364,117623,163860,110333,166737,79656,124134,113121,176353,119263,165208,233209,201308,266672,103054,85942,121261,119350,102659,137211,10805,3859.21,-0.0699,0.0463,-4.2
CD06,766987,512379,0.228,0.5695,0.1427,0.2035,92374,464213,218560,81371,150046,89679,134207,76925,144468,118503,176805,110795,179135,81759,135175,116801,187665,123556,176280,250908,217631,285794,109103,91485,127089,130098,111741,149902,11706,2496.71,-0.0837,0.0467,-8.4
CD07,766987,458977,0.2319,0.39,0.1821,0.253,99025,395197,185825,136742,68068,141471,65002,124108,78867,180180,92845,165262,99721,120967,62484,153129,93620,158810,85709,207841,176888,241258,139621,117112,163958,58942,48834,70379,9278,124.914,0.3882,0.0446,645.9
CD08,766987,520292,0.2503,0.4947,0.1758,0.2131,87959,469738,200599,82141,126295,83536,115377,75107,122843,115089,168177,107607,168130,71133,127654,109554,194737,115085,184422,237575,204067,272510,97429,81620,114291,130928,111235,152174,9217,1666.13,-0.141,0.0388,-20.1
CD09,766987,432034,0.5097,0.3443,0.1134,0.0954,70364,365411,129744,80884,86074,75434,74132,69251,79680,93892,111901,88433,109112,55928,72771,78635,118128,84030,106895,150012,126879,174745,70132,57096,84230,73700,61816,86746,6181,1572.428,-0.0238,0.0412,-2.3
CD10,766987,582833,0.1641,0.6776,0.0923,0.2554,97874,480183,250313,100634,157185,113710,145785,96330,158833,144786,195286,132900,200843,102087,152720,134084,213884,138050,205421,281815,244078,321922,124944,104594,146683,143267,123489,164259,13604,8980.801,-0.065,0.0483,-2
CD11,766987,527965,0.3425,0.5408,0.0669,0.2066,93618,442368,203373,71212,154762,77626,138256,67635,146226,100923,190117,94424,190030,68249,137487,94222,194696,97857,185606,229536,200055,260382,86021,72606,100308,133602,115661,152176,9914,17984.15,-0.2073,0.0432,-2.6
CD12,766987,538539,0.2376,0.6107,0.0957,0.1922,90157,472105,215126,79533,132574,89704,120890,77750,130611,118563,170122,109236,173556,82822,130125,117738,192720,124221,181543,249612,211910,291378,107387,86875,129929,129910,109773,151776,12315,976.704,-0.0902,0.0493,-23.1
CD13,766987,553531,0.2201,0.6654,0.0678,0.1756,75011,451270,211074,57801,185841,64675,160169,56678,165995,81302,213315,75378,212617,53730,160627,80161,220438,83423,212418,239395,207894,271496,74236,62065,87364,155190,134517,176542,9969,35247.469,-0.3382,0.0416,-2.3
CD14,766987,555113,0.1926,0.5607,0.1719,0.2021,100900,487734,225781,91864,156335,93252,140204,81892,149347,124507,193921,116967,193847,84919,141454,124942,206349,130082,195134,257940,222206,295437,110230,92191,129703,137009,116941,157965,10701,2346.036,-0.1038,0.0415,-11.4
CD15,766987,460668,0.747,0.2135,0.0201,0.1295,61559,410851,153339,102244,77269,89230,71243,78980,79917,109683,115430,101147,109968,72061,81756,92602,133305,98316,119231,176302,150609,203330,85804,69901,102853,83932,70946,97847,6566,9318.304,0.0106,0.0372,0.2
CD16,766987,501146,0.7904,0.1446,0.0365,0.1773,66907,435460,151758,135179,51465,139314,47107,123300,58117,163977,76822,151555,73154,97591,52911,131985,94333,130423,83751,171559,141280,203933,112079,89468,137036,51518,39913,64502,7963,363.018,0.353,0.0464,166.8
CD17,766987,552524,0.195,0.6347,0.1076,0.2188,92563,468830,234072,90605,147660,102204,136094,88321,147226,131607,180794,122218,181973,92138,142736,123152,192421,127744,183269,263863,227690,301756,117032,97294,138072,134171,115139,154200,12661,8254.105,-0.065,0.048,-2.1
CD18,766987,494314,0.2448,0.1702,0.504,0.1767,70478,427985,171637,182964,33009,170423,31343,158661,41272,217458,47244,205658,49285,139541,30863,186785,53113,189206,46189,194984,166034,225576,155513,131476,181139,31563,25703,38218,7908,238.565,0.6357,0.0406,519.6
CD19,766987,547574,0.3379,0.5691,0.059,0.1598,72124,436125,190246,55570,170448,58404,150353,50285,155725,73170,202434,66919,201522,43094,149237,66862,212708,69100,204554,215780,186248,247127,62843,51527,75234,143917,123945,164859,9020,30260.521,-0.3757,0.0418,-2.7
CD20,766987,521794,0.6531,0.2033,0.104,0.1364,62637,417264,159759,131825,53369,127135,46187,114251,56552,172082,72296,159223,74506,112013,46296,144232,79589,147196,67908,182177,151720,215581,126393,102946,152039,47675,38073,58471,8108,168.962,0.4321,0.0445,465.9
CD21,766987,612810,0.3121,0.6037,0.0385,0.2696,96569,562281,311546,107370,181346,124648,171633,106010,186604,161539,227827,147414,234195,122842,187733,159472,249922,164933,237566,350262,303948,399056,154514,130153,180795,179700,154722,206350,16048,6193.658,-0.0719,0.0458,-4.1
CD22,766987,534268,0.2535,0.4801,0.1216,0.2777,121568,486417,232625,85778,147645,93280,137678,80152,148865,132138,188026,120361,190754,88830,142242,126896,201262,133963,188818,266737,227973,307867,118431,97420,141277,136880,115846,159547,11426,2174.273,-0.0692,0.0428,-8.5
CD23,766987,511792,0.5497,0.3554,0.0463,0.2088,93913,494504,220721,101425,116925,102981,110043,88379,121735,138635,160227,127382,160617,98257,121178,133969,181147,139793,165619,253634,218817,291195,124766,104428,146640,118218,100755,136963,10650,55486.293,0.0258,0.042,0.1
CD24,766987,528071,0.1426,0.6806,0.0783,0.3263,134690,497662,284646,109825,184220,126764,169422,102367,189184,164072,211211,146358,224840,118124,166140,153073,213068,161103,203514,310219,264962,358266,146495,120876,173605,147559,124063,173317,16165,272.479,-0.0034,0.0521,-3.9
CD25,766987,547004,0.2034,0.5497,0.1958,0.1756,79433,465502,214135,93404,141802,96006,127469,86044,135297,124555,172535,117611,172976,81729,134469,115591,189988,121246,179693,244969,211923,278669,102722,85436,121247,131373,113643,149808,10874,8983.019,-0.117,0.0444,-3.2
CD26,766987,570691,0.154,0.6369,0.1058,0.2982,123576,531545,271308,84275,161799,100109,149762,83643,162364,142828,208831,129475,214603,102163,167745,144947,237091,152657,225815,314788,263795,370308,135157,107399,166620,164100,137432,193417,15531,2160.359,-0.0919,0.0493,-13.4
CD27,766987,559794,0.3719,0.522,0.0703,0.1804,86781,481489,227861,88171,144387,94158,131904,81799,141796,124725,176758,118296,177264,90004,139823,125739,194374,130051,183654,261464,228197,295527,116029,98867,134258,133556,115686,152229,11879,11375.489,-0.067,0.0454,-1.5
CD28,766987,418757,0.8653,0.1126,0.008,0.1291,58747,404117,136332,110734,50124,94021,47876,84364,55416,112568,92627,105944,82632,73093,59082,88407,109041,92846,93069,156793,135259,179816,84145,69905,99915,66034,54758,78102,6614,15665.921,0.1155,0.0422,1.2
CD29,766987,424129,0.4415,0.1746,0.3236,0.1197,66047,347949,120169,114891,38288,105333,33734,98255,40153,139529,54965,131227,54987,84655,33824,115999,61308,120318,52469,138388,115708,162835,97972,80452,116729,34470,27578,42384,5947,217.274,0.4589,0.043,292.3
CD30,766987,483239,0.2577,0.1755,0.4991,0.1594,76219,423485,168872,170966,45782,164752,40575,152181,49719,208562,56390,200447,58572,131081,38076,177408,62649,181351,54442,192925,164073,222952,148196,125101,172704,36604,30039,43758,8125,345.181,0.5784,0.0421,323.3
CD31,766987,586652,0.1987,0.5938,0.1356,0.2182,94208,505636,240508,76801,136535,87203,129270,74487,139867,126588,182704,119078,184555,90750,149441,134717,211327,138456,200167,280576,240202,322618,122758,101001,145755,143801,122263,166937,14016,5862.275,-0.075,0.05,-3.6
CD32,766987,531159,0.1672,0.5834,0.1418,0.2467,95978,469157,232932,100520,145309,111883,133488,95806,146267,142038,174307,131619,180038,98082,135691,129765,187174,137156,177041,264953,228295,302205,122940,102588,144604,129729,111111,148500,12284,2265.677,-0.0256,0.0464,-3
CD33,766987,437871,0.3934,0.3382,0.2003,0.1855,80460,357761,146461,124638,46862,132890,42062,119484,51561,163016,60820,153812,65734,106162,40691,136368,68172,141611,59048,165604,137627,196159,118570,96823,142424,39283,31052,48526,7751,201.71,0.4788,0.0468,393.1
CD34,766987,499064,0.7205,0.2363,0.0195,0.1551,66854,432008,167288,107041,82166,95632,76903,80734,90028,123606,116463,117490,113550,82072,84198,106946,131301,113558,118084,189479,161678,219590,99457,82125,118546,82401,68857,96937,7622,5925.202,0.09,0.0402,2.9
CD35,766987,555049,0.5184,0.3686,0.0736,0.1615,79773,476668,202798,102012,113520,101356,102036,88539,112742,141555,147044,130861,148547,94874,108318,133334,164830,138465,149701,234221,201012,269389,118680,98613,140499,104903,89108,122099,10638,2874.119,0.0588,0.0454,4.8
CD36,766987,528316,0.2044,0.5288,0.181,0.1817,88078,469915,216645,100981,153670,98522,137261,87935,146061,128162,186905,121046,186929,81489,135639,114923,192671,119721,182998,242825,211541,275148,104026,88588,120456,129142,111665,147490,9657,5933.538,-0.1034,0.0398,-4.2
CD37,766987,557294,0.2855,0.536,0.092,0.3408,96117,476285,261989,207077,50031,240226,45246,217737,59595,280457,62267,265190,69358,218427,43066,252341,67677,257476,59749,285268,236431,338049,229815,188599,275034,42919,33805,53102,12533,271.919,0.6552,0.0439,687.3
CD38,766986,513702,0.2094,0.557,0.1106,0.3077,120752,501268,260818,94395,166337,103925,155085,87537,169041,142230,205075,128653,212691,98627,156803,136856,210921,144618,200299,292716,244700,344490,131513,104864,160261,148429,122720,177025,12774,312.077,-0.0578,0.0436,-54.2
