region_id,region_label,mean,q05,q95,p_talarico,base_pres16,base_sen18,base_gov18,base_pres20,base_sen20,base_gov22,base_pres24,base_sen24,shift_pres16,shift_sen18,shift_gov18,shift_pres20,shift_sen20,shift_gov22,shift_pres24,shift_sen24,scen_talarico_p95_2p,scen_paxton_p95_2p,confidence
CD01,TX-01,0.31454105437527474,0.28442439256999663,0.345608031018052,0,0.26136802820295035,0.28154980773907484,0.2544827832411856,0.2783341721942953,0.27057354218575,0.2281037546268603,0.25047454914684886,0.2612230797111629,0.05317302617232439,0.0329912466361999,0.060058271134089125,0.03620688218097945,0.043967512189524716,0.08643729974841444,0.06406650522842589,0.05331797466411187,0.3387057773795504,0.2891384990627215,1
CD02,TX-02,0.4564758229452095,0.41406706203152743,0.4983951737465977,0.0442,0.3408979415726773,0.3839027337496236,0.3330325394027218,0.39152918341943227,0.36934948353960284,0.3759538840301326,0.3843285454946838,0.40621327265163476,0.11557788137253222,0.07257308919558592,0.12344328354248768,0.06494663952577723,0.08712633940560666,0.08052193891507692,0.07214727745052568,0.05026255029357474,0.4884857940272748,0.42546221567023346,0.9558
CD03,TX-03,0.46344431817032794,0.4166846792681058,0.5094629991123614,0.0951,0.3487704991048996,0.4059058028172566,0.3493359702977128,0.4111557178724985,0.382324659499763,0.3803888672465754,0.3800901582865974,0.40972628768225783,0.11467381906542834,0.05753851535307136,0.11410834787261515,0.052288600297829446,0.08111965867056492,0.08305545092375255,0.08335415988373052,0.05371803048807011,0.49586325161269845,0.4332115503425726,0.9049
CD04,TX-04,0.45501389312807144,0.41447609273629665,0.49506255967874635,0.0326,0.3549123761967355,0.4060585973759447,0.3453935258394841,0.4095280317493176,0.3786009908310796,0.3780746090738488,0.37420685598924847,0.39908713780373645,0.10010151693133595,0.04895529575212676,0.10962036728858737,0.04548586137875382,0.07641290229699182,0.07693928405422262,0.08080703713882298,0.055926755324335,0.48500036287213183,0.42549772543833414,0.9674
CD05,TX-05,0.46271281485458526,0.4254998427166231,0.49851286349044766,0.0424,0.3804576676928046,0.42791809120757374,0.3735454903236476,0.41786877494932045,0.39821359559770453,0.39087291024592,0.39078096814884195,0.41924407340300857,0.08225514716178067,0.03479472364701153,0.08916732453093767,0.04484403990526481,0.06449921925688074,0.07183990460866524,0.07193184670574332,0.0434687414515767,0.4871753473162673,0.43525836326794787,0.9576
CD06,TX-06,0.4549722976412367,0.417504334707118,0.4919457310546359,0.0208,0.3516206094029561,0.4005551272076016,0.347459749947481,0.4012868895043846,0.38214506660093867,0.37688430376755555,0.3836250864306904,0.4120773942997388,0.10335168823828061,0.05441717043363509,0.10751254769375568,0.053685408136852075,0.07282723104029803,0.07808799387368115,0.07134721121054632,0.042894903341497925,0.485442716413525,0.4242324883048577,0.9792
CD07,TX-07,0.7025695494602064,0.6654516674188212,0.7375556017875425,1,0.6676533969497527,0.6851794301578943,0.6114445187117935,0.6599387933805799,0.6236702177167125,0.6593962925109654,0.6205854987599919,0.6494792206532314,0.03491615251045377,0.017390119302312157,0.09112503074841294,0.04263075607962652,0.07889933174349395,0.04317325694924101,0.08198405070021453,0.05309032880697506,0.7289601929199311,0.676874180361872,1
CD08,TX-08,0.42579891612997856,0.38858275615536986,0.4633300040463221,5e-4,0.39408355972084,0.4199626888935049,0.3794239324828648,0.4062932462091731,0.3902518345213068,0.3578335297132271,0.36003042437210364,0.38424800256491687,0.03171535640913853,0.005836227236473646,0.04637498364711373,0.019505669920805435,0.03554708160867176,0.06796538641675143,0.06576849175787491,0.04155091356506169,0.45446871956403384,0.4001223424333556,0.9995
CD09,TX-09,0.48764761333442597,0.4438939561367442,0.5301183448858574,0.3088,0.4844582273285372,0.504350378329372,0.46498754691711885,0.4562452463970605,0.4476605804113254,0.4345638121354801,0.3996416642507314,0.4401203662273472,0.00318938600588875,-0.01670276499494605,0.022660066417307112,0.03140236693736548,0.039987032923100574,0.053083801198945846,0.08800594908369458,0.047527247107078785,0.515936058365006,0.4621919838931977,0.6912
CD10,TX-10,0.4652496451530286,0.42881544475248123,0.5007989602095743,0.0543,0.39032776610000175,0.4381964334095629,0.3775238047996156,0.425750604936365,0.39820991000482253,0.40064400169004544,0.38533416461224546,0.4019271233444133,0.07492187905302683,0.0270532117434657,0.08772584035341296,0.03949904021666356,0.06703973514820605,0.06460564346298314,0.07991548054078312,0.0633225218086153,0.49238297008381066,0.43943093232768227,0.9457
CD11,TX-11,0.39084973249585947,0.3591063335727207,0.4222141361709024,0,0.31513398254765673,0.35957626376851315,0.3162580620680835,0.34676717719384526,0.3319476454782054,0.3317288040906783,0.3261191494552869,0.34522023631540816,0.07571574994820274,0.03127346872734632,0.07459167042777598,0.044082555302014215,0.05890208701765409,0.05912092840518118,0.06473058304057255,0.04562949618045131,0.41547274945548224,0.3671300631710219,1
CD12,TX-12,0.4516337715538561,0.40741690617848697,0.4947780451948104,0.0324,0.3749660962263726,0.4259573958062211,0.3731513320451306,0.41069954522978624,0.3862758696311282,0.3889333474491943,0.3792388021555927,0.4062648004258393,0.07666767532748348,0.025676375747634983,0.07848243950872547,0.040934226324069845,0.06535790192272789,0.06270042410466181,0.0723949693982634,0.0453689711280168,0.4832137957633783,0.4226497838476009,0.9676
CD13,TX-13,0.322667167623852,0.29178107737360087,0.35348344858774927,0,0.2372368126783913,0.287642973512703,0.2545327628173657,0.27595804080900976,0.26173287706896525,0.25065600933461896,0.26667018940688236,0.28198543608699833,0.0854303549454607,0.03502419411114899,0.0681344048064863,0.04670912681484224,0.06093429055488675,0.07201115828923305,0.05599697821696964,0.04068173153685367,0.34507009642900477,0.29898688038473636,1
CD14,TX-14,0.4448759077266863,0.4080942984277904,0.4811630559850678,0.0066,0.37012120791543723,0.3994424096804253,0.3541437842384181,0.3910053780690421,0.376325196150837,0.3751279932039909,0.3771358221178036,0.39998597977262573,0.07475469981124905,0.045433498046260956,0.0907321234882682,0.05387052965764416,0.0685507115758493,0.06974791452269541,0.06774008560888267,0.04488992795406055,0.47141548669119876,0.4156106140032636,0.9934
CD15,TX-15,0.5060828686494633,0.4564102402601344,0.553910139619862,0.574,0.5695634783284803,0.556045795719424,0.49705165240841226,0.48723361910178586,0.47910836600134166,0.4684846635546846,0.4099108824211398,0.45192901365622085,-0.06348060967901703,-0.04996292706996075,0.009031216241051021,0.018849249547677416,0.026974502648121623,0.03759820509477868,0.09617198622832346,0.054153854993242434,0.5329719145750164,0.478619377640738,0.574
CD16,TX-16,0.6862333654527658,0.6268720947015118,0.7426030798488631,1,0.7242601133847859,0.747306316067917,0.6796507538775106,0.6809708120145553,0.6744505678459798,0.6484388804916458,0.5831834267974642,0.6089572066603474,-0.0380267479320201,-0.06107295061515117,0.006582611575255193,0.005262553438210471,0.011782797606786022,0.037794484961120034,0.10304993865530165,0.07727615879241845,0.7126487563225395,0.6576830498110205,1
CD17,TX-17,0.46493420867081,0.4257635059235325,0.5025335680887375,0.0622,0.3802697648857718,0.42889101942095453,0.3749609215996952,0.42127498257931995,0.4017811465904053,0.39228807672057675,0.3902489594509918,0.41073550056994956,0.08466444378503818,0.036043189249855445,0.0899732870711148,0.04365922609149003,0.06315306208040466,0.07264613195023323,0.07468524921981817,0.054198708100860415,0.49295415116963825,0.43577233477669275,0.9378
CD18,TX-18,0.8312413003437464,0.8056233629245397,0.8546868392906287,1,0.8471622570222939,0.844655020626571,0.7935693231191944,0.821521222273653,0.8066823218403973,0.8188834105857881,0.7786028323938796,0.803782268331089,-0.015920956678547427,-0.013413720282824615,0.03767197722455207,0.009720078070093452,0.024558978503349094,0.012357889757958374,0.05263846794986682,0.027459032012657425,0.8482656746027681,0.8145759356001279,1
CD19,TX-19,0.3032486424968126,0.26966030064673413,0.33667032789118667,0,0.24586537355431867,0.27977025920088905,0.24409009271394594,0.2654896155353333,0.2492875529445949,0.22406164372878007,0.239160138784562,0.2525086423001308,0.05738326894249393,0.023478383295923555,0.059158549782866665,0.037759026961479314,0.053961089552217706,0.07918699876803253,0.06408850371225061,0.05074000019668179,0.32927285875239454,0.2763604660108119,1
CD20,TX-20,0.726126132850974,0.6816895681794521,0.7678984261293871,1,0.7118219158985196,0.7335206033270826,0.6689046009068013,0.7041643701337608,0.6812302841757415,0.7075583202480783,0.6444059076436089,0.6843007434844185,0.01430421695245443,-0.007394470476108528,0.05722153194417279,0.021961762717213285,0.04489584867523255,0.01856781260289575,0.0817202252073651,0.041825389366555554,0.7507768802505814,0.7001640242104309,1
CD21,TX-21,0.46132424209994455,0.4238391162182905,0.4976034513187449,0.0409,0.37188882840976034,0.4207091351389412,0.36228524553886216,0.4148777736100572,0.38629654705876904,0.3955306939839428,0.38953231547523953,0.40977326088101435,0.0894354136901842,0.040615106961003344,0.09903899656108239,0.04644646848988737,0.07502769504117551,0.06579354811600174,0.07179192662470502,0.0515509812189302,0.48921259698183234,0.4317857037025711,0.9591
CD22,TX-22,0.4631049102146588,0.4208435562688081,0.5045400657790714,0.0736,0.36748016632616126,0.40388465098683984,0.3499832462246417,0.4127199688052973,0.3868697745178083,0.3844257994966785,0.3866924536203188,0.4150264152217576,0.09562474388849757,0.05922025922781898,0.11312166399001711,0.050384941409361506,0.07623513569685053,0.07867911071798034,0.07641245659434004,0.04807849499290123,0.4946845204453893,0.4303420301089722,0.9264
CD23,TX-23,0.5129708819193504,0.4731488839805539,0.5533368774455598,0.6908,0.46450480701211455,0.4834243119172938,0.42062573266590153,0.4638750041541481,0.44229970596755774,0.4477733485274837,0.4251408871185214,0.4577183455614303,0.04846607490723581,0.02954657000205657,0.09234514925344883,0.049095877765202245,0.07067117595179262,0.06519753339186668,0.08782999480082898,0.055252536357920046,0.5430673128344252,0.4822753513164055,0.6908
CD24,TX-24,0.49709349745524006,0.4536382535885535,0.540184380268633,0.4496,0.3734971897302689,0.4279874480534986,0.3511117536913895,0.43719614353150693,0.39428506574128874,0.4155440848279084,0.4180710474423192,0.4418418998462127,0.12359630772497116,0.06910604940174148,0.14598174376385054,0.05989735392373313,0.10280843171395132,0.08154941262733167,0.07902245001292085,0.05525159760902737,0.5311936001126968,0.465376932922138,0.5504
CD25,TX-25,0.4380673271340206,0.40179923741634266,0.4736502153808642,0.002,0.39711590038729466,0.42960606662646045,0.3887387733985831,0.41924926397802303,0.4047357222890954,0.3780292776904006,0.37826911979185135,0.40289163594979305,0.040951426746725916,0.008461260507560131,0.049328553735437486,0.018818063155997544,0.0333316048449252,0.060038049443619956,0.05979820734216923,0.03517569118422753,0.4632561672846795,0.41294580842677414,0.998
CD26,TX-26,0.4505591083257577,0.40183919951358976,0.49693825795127966,0.0417,0.34247798352277337,0.4006433750056041,0.34000150565397924,0.4061541620988578,0.37629629301748957,0.37851122393035375,0.37940566026180444,0.40335054348915333,0.10808112480298432,0.04991573332015359,0.11055760267177844,0.04440494622689989,0.07426281530826812,0.07204788439540394,0.07115344806395324,0.04720856483660435,0.4813155462315404,0.42081733932917487,0.9583
CD27,TX-27,0.4641434420098029,0.43106848978407414,0.4963974780275017,0.0331,0.379134093506556,0.4165132471665791,0.3658344599406949,0.4137054320261361,0.40024244321733443,0.39161669137294636,0.3927960171939979,0.4145637186903659,0.08500934850324687,0.04763019484322378,0.09830898206910799,0.05043800998366682,0.06390099879246847,0.07252675063685654,0.07134742481580497,0.049579723319437,0.49064395205342126,0.43522519453815345,0.9669
CD28,TX-28,0.5615190455985988,0.5055387606859352,0.6158437095174736,0.9653,0.6883970222492574,0.6626022249385802,0.6035495937784425,0.5485899323121477,0.56180868948007745,0.553002208124451,0.44774755278321043,0.4993989149147825,-0.12687797665065859,-0.10108317933998145,-0.04203054817984375,0.012929113286451077,-2.896438814786739e-4,0.008516837474147776,0.11377149281538834,0.06212013068381628,0.5903283686216988,0.532370510240591,0.9653
CD29,TX-29,0.7399203902947494,0.6983216479186931,0.7779148320308378,1,0.7500465294428377,0.7574243231841605,0.7098947059335394,0.7173944318110413,0.7047097373809689,0.7145147421862964,0.6542251730075979,0.6963380115142673,-0.010126139148088242,-0.0175039328894111,0.030025684361210003,0.022525958483708086,0.03521065291378056,0.025405648108453027,0.08569521728715157,0.0435823787804821,0.7634696600230388,0.7172369057131248,1
CD30,TX-30,0.801851857958175,0.7731756915204417,0.8287172294676282,1,0.7887760567645785,0.8023875817393564,0.7537451034591043,0.787168290251881,0.7738698441596605,0.7749084525156045,0.739024627217195,0.7691119838272815,0.013075801193596526,-5.357237811813853e-4,0.04810675449907076,0.014683567706294087,0.027982013798514505,0.026943405442570567,0.06282723074098007,0.03273987413089352,0.8215791840664072,0.7827986871935879,1
CD31,TX-31,0.459375012492566,0.41718498814599536,0.4995840880473119,0.0484,0.3600003702001819,0.40283593816127916,0.3474960753800352,0.4092820740339703,0.3921777525894854,0.3778237091686415,0.38930475128278724,0.40887969063226504,0.09937464229238413,0.056539074331286854,0.11187893711253083,0.05009293845859569,0.06719725990308062,0.08155130332392452,0.07007026120977877,0.05049532186030098,0.4876855970781884,0.4267134144545324,0.9516
CD32,TX-32,0.48590850749483094,0.4466838001322868,0.5231811792325768,0.268,0.40890228279723284,0.45597560071272103,0.39577182233093633,0.44899685822433316,0.42231925551605404,0.41956157100281133,0.4094310358075155,0.43652882355240163,0.0770062246975981,0.029932906782109914,0.09013668516389461,0.03691164927049778,0.0635892519787769,0.06634693649201961,0.07647747168731545,0.04937968394242931,0.5129682157925918,0.4583091988105606,0.732
CD33,TX-33,0.7513587286980575,0.7086108273419134,0.7902900946399155,1,0.7267510342773348,0.7595808722806656,0.6985516279482678,0.7282832156140018,0.7005907858528182,0.7229158865244124,0.666705840157932,0.7057302231194817,0.024607694420722748,-0.008222143582608088,0.05280710074978978,0.023075513084055754,0.05076794284523933,0.028442842173645122,0.08465288854012554,0.045628505578575784,0.7744014033821268,0.7288137831954294,1
CD34,TX-34,0.5470443988022553,0.5012313335608445,0.5919647924066853,0.9542,0.565736274639236,0.5542746248202594,0.4727873479210119,0.5148758756229935,0.508526192758615,0.4936080279185078,0.44888693054470424,0.4902308000644616,-0.01869187583698073,-0.007230226018004049,0.0742570508812434,0.032168523179261777,0.03851820604364031,0.05343637088374753,0.09815746825755106,0.05681359873779368,0.5773901548135988,0.5165123670685862,0.9542
CD35,TX-35,0.5303051147802165,0.489360824313931,0.5708900480664963,0.8862,0.4733026896358772,0.4983286784966595,0.43987694879104794,0.4904902999967965,0.4683525492429352,0.4669191071089858,0.44718260029642826,0.4805038311137887,0.057002425144339286,0.03197643628355695,0.09042816598916853,0.03981481478341997,0.06195256553728129,0.06338600767123065,0.08312251448378821,0.049801283666427776,0.5590924190999071,0.5011349213362102,0.8862
CD36,TX-36,0.4453861093883284,0.41365824166326326,0.4772714084756372,0.0017,0.39654531587837794,0.4178504431788008,0.3757972886786151,0.40677628104976676,0.39303890921483,0.375304273208264,0.3736192433407512,0.39548668350437993,0.048840793509950464,0.027535666209527576,0.06958882070971328,0.038609828338561636,0.05234720017349842,0.07008183618006442,0.0717668660475772,0.04989942588394847,0.47195124715428555,0.4192372455782406,0.9983
CD37,TX-37,0.8423565691993056,0.8132250502676729,0.8681868811958919,1,0.805408263681667,0.8415052828870966,0.7851142938303552,0.8183182385526049,0.7926809998126156,0.8353063347423788,0.7885203297048201,0.8116514804904219,0.03694830551763861,8.512863122089875e-4,0.057242275368950324,0.02403833064670069,0.04967556938668993,0.007050234456926763,0.05383623949448546,0.030705088708883665,0.8587800147274469,0.8263445475117366,1
CD38,TX-38,0.4686428189980986,0.4193982547514741,0.517518242202199,0.1443,0.362038483208931,0.40124037471320984,0.34117202069991037,0.4095243941260006,0.37690028238543366,0.3861220675131532,0.3935164137540406,0.4192832554183214,0.10660433578916761,0.06740244428488879,0.12747079829818825,0.05911842487209801,0.09174253661266496,0.08252075148494542,0.075126405244058,0.04935956357977722,0.5009338351659376,0.43798637486996617,0.8557
