region_id,population,cvap_total,hisp_cvap_share,white_cvap_share,black_cvap_share,ba_plus_share,med_income,registered_2024,voted_2022,dem_gov18,dem_gov22,dem_pres16,dem_pres20,dem_pres24,dem_sen18,dem_sen20,dem_sen24,rep_gov18,rep_gov22,rep_pres16,rep_pres20,rep_pres24,rep_sen18,rep_sen20,rep_sen24,ballots_mean,ballots_q05,ballots_q95,talarico_mean,talarico_q05,talarico_q95,paxton_mean,paxton_q05,paxton_q95,brown_mean,area_sqmi,margin,brown_share,net_votes_per_sqmi
001,57922,45036,0.1519,0.6001,0.1876,0.1081,69843,27972,13475,2868,2545,3369,3955,3635,3307,3792,3872,11732,11762,13206,15110,15597,11335,14943,15022,15302,12473,18454,3747,2770,4894,10993,8959,13254,562,1078.001,-0.4736,0.0368,-6.7
003,18610,11562,0.4886,0.4642,0.0243,0.1429,76974,10037,3784,687,479,838,849,806,776,779,873,3400,3302,3924,4937,5205,3338,4888,4976,4342,3399,5428,766,515,1078,3422,2680,4275,153,1501.091,-0.6118,0.0352,-1.8
005,86386,60943,0.1545,0.6666,0.1226,0.1106,65354,53712,24265,6406,5174,7538,9143,8146,7130,8771,8382,19701,19142,21666,25076,26049,19166,24962,24994,27210,22299,32626,7781,5888,9963,18401,15083,22087,1028,864.777,-0.3903,0.0378,-12.3
007,23825,20478,0.2269,0.7108,0.0162,0.2017,74839,18863,9482,1797,1924,2465,2916,2831,2247,2729,3069,7075,7581,7740,9239,10090,6677,9189,9605,10875,8583,13497,3028,2113,4134,7396,5815,9196,452,527.954,-0.4017,0.0415,-8.3
009,8560,6721,0.0675,0.8868,0.0149,0.1736,76164,6282,3534,323,315,394,446,520,376,467,562,3259,3498,3785,4300,4592,3208,4178,4483,4003,3207,4903,529,365,731,3327,2671,4068,147,925.593,-0.6988,0.0367,-3
011,1848,1416,0.096,0.8722,0.0078,0.1724,75198,1330,839,59,60,58,75,77,74,64,97,822,831,875,1035,1029,819,1025,1001,911,723,1124,81,54,114,792,630,976,38,913.827,-0.781,0.042,-0.8
013,48981,35028,0.6032,0.3653,0.0103,0.1153,72170,30568,12339,3655,3708,4651,5876,5153,4332,5588,5739,8361,8801,8618,12039,13142,7753,11906,11973,14464,11754,17486,5078,3791,6564,8781,7084,10675,606,1221.47,-0.256,0.0419,-3
015,30162,21972,0.1785,0.7047,0.0908,0.1864,84194,21279,10931,1897,1873,2320,2951,2816,2241,2752,2998,9009,9209,9637,11447,12457,8722,11454,11981,12445,10097,15081,2939,2129,3900,8991,7293,10894,516,656.378,-0.4863,0.0414,-9.2
017,6904,4188,0.5726,0.4033,0.0103,0.1352,67406,2983,1271,348,213,397,409,332,405,383,325,1239,1105,1344,1434,1395,1202,1400,1352,1400,1091,1759,351,244,482,994,770,1254,55,827.657,-0.459,0.0393,-0.8
019,20851,17725,0.1709,0.7876,0.0136,0.164,75989,17965,10258,1600,1816,1726,2505,2532,1865,2291,2735,7866,8527,8163,10057,10939,7643,9957,10472,11587,9303,14170,2752,1946,3717,8359,6702,10232,477,797.67,-0.4839,0.0411,-7
021,97216,69349,0.3123,0.5862,0.0708,0.1574,85807,58958,28810,10407,12007,10569,15474,15989,12082,15071,16445,16351,16707,16328,20516,23301,15067,20468,21835,33958,27747,40837,15806,12213,19918,16339,13164,19874,1812,895.568,-0.0157,0.0534,-0.6
023,3465,2705,0.102,0.851,0.0189,0.1893,44107,2327,1273,129,105,191,183,183,156,177,198,1092,1183,1267,1494,1469,1072,1462,1431,1404,1095,1760,196,129,279,1150,899,1441,58,901.068,-0.6796,0.0413,-1.1
025,31047,24109,0.564,0.3137,0.0927,0.0946,68511,14954,6119,2261,1976,3444,3287,2606,2811,3102,2845,4827,4347,4744,6006,6111,4342,5713,5639,6901,5577,8381,2571,1920,3331,4068,3262,4977,261,880.335,-0.2169,0.0379,-1.7
027,370647,266081,0.2207,0.4858,0.2236,0.179,75270,216130,87108,33803,34785,37801,57014,53973,38417,54413,55441,51157,51888,51998,67893,75161,47437,68934,70468,101807,83837,121707,47611,37366,59243,49374,40253,59556,4822,1090.273,-0.0173,0.0474,-1.6
029,2009376,1412652,0.5514,0.3168,0.0816,0.1929,82746,1208624,536284,285026,311023,319550,448452,411389,326121,411328,422903,250659,221993,240333,308618,337545,217204,320095,303262,608480,505955,720269,367421,296678,445451,214424,173763,259415,26636,1256.074,0.2514,0.0438,121.8
031,11374,9893,0.1415,0.8307,0.0101,0.2563,90345,10472,6594,1349,1522,1244,1911,1973,1567,1816,2071,4327,5142,4212,5443,6447,4180,5457,6243,7473,5883,9287,2214,1549,3016,4893,3833,6111,366,713.427,-0.3586,0.0489,-3.8
033,631,455,0.1121,0.8725,0.0154,0.2715,65625,395,248,17,9,31,16,16,22,18,13,321,306,330,397,370,320,390,366,302,233,383,20,12,31,269,207,341,13,906.052,-0.8225,0.043,-0.3
035,18176,14012,0.1229,0.8384,0.0137,0.1311,67738,12687,7110,1104,1094,1277,1561,1524,1374,1490,1712,5948,6272,6325,7469,7969,5718,7367,7643,7960,6404,9707,1659,1167,2244,5946,4788,7245,355,1002.543,-0.5387,0.0446,-4.3
037,92893,67963,0.057,0.6607,0.2463,0.1494,65943,56494,26097,7336,6060,8831,10692,9282,7960,10344,9405,20625,20206,24913,27053,27122,20131,26848,26219,29052,23792,34889,9169,6977,11702,18856,15440,22673,1026,922.926,-0.3334,0.0353,-10.5
039,371805,268465,0.2661,0.4803,0.1725,0.2035,108194,239178,109818,39536,43364,43200,62228,63976,45228,58759,67075,70373,64938,72791,90433,95867,65693,90705,90208,126027,103821,150547,56989,44667,70928,63411,51906,76248,5628,1608.67,-0.051,0.0447,-4
041,233641,174477,0.2105,0.628,0.1019,0.2413,67454,123226,58604,23361,23103,23120,35349,33844,27876,32098,34849,39424,35768,38734,47526,56671,35971,49342,54153,66233,54414,79292,28187,21888,35300,34519,28162,41566,3528,591.239,-0.0956,0.0533,-10.7
043,9546,7508,0.3712,0.5948,0.008,0.2921,62706,6704,3702,1933,1678,1873,2258,1969,2147,2167,1998,2033,2014,2077,2461,2545,1879,2453,2422,4059,3213,5017,2050,1530,2660,1813,1393,2299,196,6192.282,0.0585,0.0483,0
045,1435,975,0.1744,0.7723,0.0533,0.1855,48224,918,515,58,49,91,78,72,69,79,79,556,539,625,639,666,553,625,649,584,458,728,77,51,109,485,381,604,22,901.572,-0.6995,0.0379,-0.5
047,7076,5238,0.8727,0.0995,0.0074,0.1308,62220,4701,2065,1198,1204,1937,1470,1308,1376,1425,1379,658,785,613,998,1077,543,859,874,2245,1762,2801,1387,1038,1791,773,577,1001,85,943.641,0.2731,0.038,0.6
049,38095,29727,0.1884,0.7534,0.0344,0.1449,60328,24352,12034,1458,1308,1621,2107,2131,1671,1965,2358,10640,10853,12017,13698,14591,10391,13482,14106,13396,10876,16186,2204,1567,2965,10728,8737,12945,464,956.953,-0.6363,0.0346,-8.9
051,17883,14102,0.1525,0.7149,0.1156,0.1675,72676,13572,6764,1277,1142,1491,1788,1703,1427,1709,1804,5254,5506,5316,6743,7588,5079,6596,7325,7740,6222,9446,1851,1316,2488,5587,4491,6822,303,676.86,-0.4827,0.0391,-5.5
053,49128,39060,0.1489,0.809,0.0141,0.1879,81895,36711,20557,3712,4337,3797,5639,6114,4444,5323,6401,14497,16505,14638,18767,21795,13859,18687,21056,23250,18914,28082,6360,4632,8400,15732,12766,19040,1158,1021.774,-0.4031,0.0498,-9.2
055,45901,33146,0.4755,0.4442,0.0552,0.1302,72894,26642,11113,4509,4790,4795,6672,6618,5227,6449,6851,6723,6351,6691,8031,8880,6147,8044,8227,13416,10957,16164,6627,5142,8321,6113,4914,7460,677,546.45,0.0383,0.0505,0.9
057,20111,14419,0.4405,0.4778,0.032,0.1267,93561,12301,5365,1627,1292,2118,2148,1853,1874,2092,2018,4409,4228,4638,5641,5939,4198,5531,5603,6011,4845,7332,1810,1325,2382,3970,3187,4851,231,1032.665,-0.3593,0.0384,-2.1
059,13708,11080,0.098,0.8603,0.0054,0.1776,71113,9788,5107,486,444,569,734,761,610,680,863,4475,4770,4865,6012,6180,4373,5892,5973,5659,4508,6963,802,544,1119,4658,3717,5715,199,901.264,-0.6814,0.0352,-4.3
061,421001,247520,0.8539,0.1261,0.0064,0.1484,58238,229378,76759,41991,41667,59319,64063,54258,48770,61508,58330,34407,34290,29432,49032,60991,28574,46482,53391,88605,73077,105787,49087,38297,61151,35989,28286,44622,3529,1276.431,0.1478,0.0398,10.3
063,12464,8461,0.1519,0.6472,0.1704,0.162,63978,7996,3894,1028,863,1260,1394,1201,1119,1359,1257,2816,3082,3201,3626,4011,2749,3597,3894,4516,3538,5650,1355,943,1852,3015,2344,3797,145,203.233,-0.3677,0.0322,-8.2
065,5807,4415,0.0956,0.8505,0.0095,0.1625,82029,3975,2322,207,183,249,297,290,244,286,328,2202,2177,2617,2779,2866,2185,2756,2755,2569,2034,3184,318,214,448,2150,1708,2659,101,924.106,-0.7131,0.0394,-2
067,28454,21759,0.0292,0.7863,0.1618,0.1293,55537,20234,9670,1890,1460,2387,2795,2406,2024,2672,2457,8323,8415,9670,11033,11693,8148,10796,11477,10847,8766,13204,2460,1760,3299,8054,6501,9804,333,960.304,-0.5157,0.0307,-5.8
069,7371,4222,0.5488,0.4117,0.0206,0.1457,60551,3279,1348,371,239,526,466,418,394,432,408,1226,1226,1414,1602,1594,1219,1572,1530,1537,1221,1901,376,265,509,1099,869,1363,62,899.293,-0.4701,0.0405,-0.8
071,46647,34697,0.1855,0.69,0.0918,0.1613,109873,34334,15199,2460,2549,2948,3988,4187,2926,3779,4613,12505,12948,13339,17353,20557,12146,17037,19735,17854,14490,21633,3790,2771,5004,13359,10862,16163,704,871.148,-0.536,0.0395,-11
073,50412,35285,0.1238,0.7052,0.1491,0.1271,63232,29668,13673,2932,2319,3469,4210,3744,3200,4058,3915,11933,12020,12919,15101,16593,11621,14945,16065,15767,12855,18994,3834,2827,5035,11373,9276,13688,560,1062.173,-0.4782,0.0355,-7.1
075,6664,5169,0.2792,0.5802,0.0894,0.0927,61294,3575,1718,204,162,253,310,263,234,283,285,1545,1562,1802,1943,1991,1525,1936,1919,1908,1492,2384,305,204,431,1533,1201,1910,71,713.716,-0.6433,0.0372,-1.7
077,10218,8358,0.057,0.8904,0.0124,0.1644,79164,7686,4312,449,393,536,614,584,547,632,663,3807,4052,4377,5069,5288,3710,4958,5128,4727,3830,5723,636,445,867,3914,3177,4729,178,1116.754,-0.6935,0.0376,-2.9
079,2547,1489,0.5165,0.4332,0.0463,0.0737,45845,1539,459,122,95,190,177,148,140,183,149,550,506,679,809,735,541,765,706,500,392,625,116,80,160,360,282,450,24,775.17,-0.4869,0.0477,-0.3
081,3285,2623,0.1918,0.78,0,0.1613,47833,2309,1321,118,114,140,178,179,137,171,218,1187,1260,1267,1586,1623,1150,1557,1567,1497,1172,1869,194,128,277,1247,980,1554,55,927.991,-0.7032,0.037,-1.1
083,7684,5908,0.1029,0.8404,0.0345,0.1248,50062,5772,3088,328,269,388,451,428,351,426,470,2774,2942,3177,3641,3712,2759,3586,3585,3447,2713,4287,475,318,671,2872,2265,3564,100,1281.433,-0.6951,0.0291,-1.9
085,1064465,758126,0.129,0.5988,0.1161,0.3399,135868,703285,361240,139175,161737,140624,230945,222115,165614,207005,236579,208075,198236,201014,252318,279534,187425,263074,263381,417012,345883,494602,209693,165970,258560,187079,152547,225266,20240,885.869,0.0542,0.0485,25.5
087,2652,1780,0.2646,0.618,0.0685,0.1708,68121,1729,855,101,75,145,155,135,113,145,141,831,845,983,1048,1066,814,1032,1039,925,727,1154,144,96,203,744,587,926,36,919.321,-0.649,0.0394,-0.7
089,20557,15216,0.2252,0.637,0.1082,0.1579,75136,13966,7283,1558,1395,1987,2420,2108,1825,2362,2207,5992,6084,6325,7472,7824,5779,7367,7554,8070,6462,9879,2176,1547,2924,5611,4491,6876,284,973.686,-0.4256,0.0351,-3.5
091,161486,138840,0.2461,0.6924,0.0257,0.2808,111159,138647,74041,14145,19195,14238,24826,27680,16830,22552,29149,46635,54503,45136,62740,74756,44079,63545,71757,87808,72024,105314,28824,21803,36863,55013,45005,66112,3972,574.882,-0.2983,0.0452,-45.6
093,13594,9720,0.1836,0.7885,0.005,0.14,62062,9081,3930,657,567,789,853,834,781,831,962,3907,4203,4333,5177,5679,3800,5053,5435,4965,3980,6077,838,579,1153,3918,3148,4786,209,947.683,-0.6204,0.0422,-3.3
095,3303,2637,0.2435,0.6697,0.0603,0.0955,68162,1558,825,145,109,148,197,153,163,193,176,825,818,885,1058,1038,803,1029,989,919,728,1136,160,108,223,721,573,888,39,993.693,-0.6106,0.042,-0.6
097,41668,30992,0.1254,0.8084,0.0318,0.1544,77890,27758,14917,2049,2308,2351,3210,3310,2545,2999,3620,12284,12815,13178,15596,16975,11868,15516,16284,16568,13452,20057,3407,2439,4560,12414,10100,15007,746,898.502,-0.5437,0.045,-10
099,83093,63224,0.181,0.5881,0.1393,0.1422,74307,40080,15778,4392,4450,5064,7543,6938,5067,7096,7253,11281,11652,12225,15359,16619,10626,15303,15708,18594,15025,22602,6443,4799,8351,11199,9010,13654,952,1056.817,-0.2558,0.0512,-4.5
101,1380,1085,0.423,0.506,0.0304,0.1522,49402,820,436,88,54,91,113,89,97,110,90,465,453,506,540,565,458,534,544,490,382,614,91,61,128,380,296,476,19,901.615,-0.5903,0.0394,-0.3
103,4675,2451,0.5467,0.3827,0.0363,0.1067,66913,2420,1131,197,150,299,241,186,213,229,196,842,983,1049,1247,1195,836,1213,1115,1235,964,1548,225,151,316,960,749,1203,49,785.724,-0.5956,0.0397,-0.9
105,3098,1892,0.5846,0.4107,0.0026,0.069,101625,2159,1279,333,276,372,344,323,340,314,328,921,964,980,1220,1087,928,1146,1008,1390,1066,1774,420,278,597,909,692,1165,61,2807.345,-0.3517,0.0437,-0.2
107,5133,3638,0.5038,0.4376,0.0275,0.1374,52723,3389,1210,392,255,468,527,451,437,486,438,1005,990,1181,1396,1416,978,1356,1370,1383,1081,1728,424,295,582,905,704,1136,54,901.694,-0.3476,0.0387,-0.5
109,2188,1504,0.7068,0.2394,0.0047,0.1366,52479,1514,718,422,328,454,438,319,521,385,340,324,391,280,415,451,297,367,394,849,664,1064,432,312,573,378,281,489,40,3812.371,0.064,0.0472,0
111,7115,3786,0.426,0.5092,0.0235,0.075,68810,2586,996,129,78,222,197,152,139,200,158,985,958,1261,1389,1285,970,1369,1229,1118,886,1380,155,104,218,919,730,1131,44,1505.134,-0.6832,0.0397,-0.5
113,2613539,1580964,0.2798,0.3697,0.2663,0.2098,88823,1369959,619783,425208,392634,461080,598576,511027,481395,560603,531111,283659,224684,262945,307076,322468,241126,330851,291497,693530,576849,820288,455136,370347,548235,204952,164901,249227,33442,908.537,0.3607,0.0482,275.4
115,12456,8561,0.5112,0.3843,0.0825,0.1093,67823,6428,2430,739,402,835,803,667,811,732,688,2240,2088,2636,2932,2810,2192,2811,2686,2654,2089,3300,669,466,915,1885,1483,2346,100,902.129,-0.458,0.0375,-1.3
117,18583,10437,0.6659,0.307,0.0128,0.0871,67958,8348,2915,957,635,1185,1263,1019,1067,1150,1025,2788,2281,2911,3293,3233,2680,3272,3113,3272,2541,4110,1003,699,1370,2157,1665,2726,111,1498.338,-0.3527,0.0341,-0.8
119,5230,4070,0.0683,0.817,0.0789,0.1022,71038,3793,1912,301,295,400,403,397,354,370,453,1606,1711,1836,2162,2250,1562,2111,2158,2142,1703,2647,412,284,569,1642,1306,2026,87,277.932,-0.5743,0.0407,-4.4
121,906422,674486,0.1588,0.6172,0.1143,0.3177,126950,614714,314133,113808,136388,110890,188695,191503,134649,170984,200676,174472,177015,170603,222480,250521,158744,231025,237978,364427,302133,432853,176179,139298,217697,170301,139470,204629,17947,951.661,0.0161,0.0492,6.2
123,19824,15022,0.3039,0.5907,0.0702,0.1186,66412,10939,5622,942,878,1163,1494,1270,1128,1384,1392,5115,5151,5519,6567,6515,4974,6399,6240,5931,4761,7250,1220,867,1649,4536,3646,5543,175,910.49,-0.5591,0.0294,-3.6
125,1770,1315,0.2867,0.6738,0.0144,0.129,48811,1305,723,96,98,128,130,146,113,133,148,656,684,755,853,844,635,808,817,800,633,990,148,100,208,621,492,768,31,905.221,-0.5919,0.0383,-0.5
127,8615,5874,0.8315,0.1176,0.0153,0.0798,48277,6315,2674,1787,1757,2173,2264,1750,2041,2122,1835,1041,1080,974,1384,1648,839,1274,1300,2871,2276,3548,1718,1286,2217,1035,762,1354,118,1334.513,0.2378,0.0412,0.5
129,3258,2624,0.1193,0.7904,0.0579,0.1036,59196,2211,1072,134,97,191,198,174,161,181,192,1130,1084,1225,1438,1512,1110,1418,1453,1245,979,1545,168,111,239,1029,811,1276,48,933.046,-0.6917,0.0384,-0.9
131,9831,7215,0.7917,0.1739,0.0087,0.0386,48821,7398,3763,2456,2018,2783,2575,1993,2765,2458,2180,1477,1600,1316,2443,2435,1328,1787,1868,4070,3213,5058,2132,1586,2771,1775,1346,2273,163,1795.593,0.0877,0.04,0.2
133,17725,13534,0.1196,0.8309,0.0263,0.1348,58606,12014,5986,708,634,776,983,912,800,910,1020,5434,5468,6011,7237,7396,5377,7015,7131,6765,5376,8345,1001,681,1393,5563,4435,6853,201,931.914,-0.6744,0.0297,-4.9
135,165171,99246,0.5529,0.3702,0.0468,0.1175,78777,81032,24694,8211,5950,10249,11367,9900,9230,10682,10638,21934,19212,25020,32697,32467,20996,31711,30766,29358,24055,35230,8414,6332,10846,19823,16223,23807,1120,901.818,-0.3886,0.0382,-12.7
137,1427,888,0.3311,0.6261,0.0293,0.2166,42682,1138,585,100,99,303,168,133,145,144,152,635,712,746,893,869,604,824,800,655,505,831,132,86,190,498,385,630,25,2119.878,-0.5581,0.0388,-0.2
139,192455,147130,0.2141,0.6022,0.155,0.1952,103003,141795,67472,15879,21338,16253,27565,33850,19106,25780,35685,43647,45564,44941,56717,64763,41022,57078,61020,79998,65751,95739,31463,24160,39797,44720,36505,53864,3814,951.955,-0.1657,0.0477,-13.9
141,865657,554654,0.7966,0.1397,0.0357,0.171,66021,487474,165065,134181,105156,147843,178126,143156,151482,164931,141826,62749,57573,55512,84331,105124,50943,80021,92997,188177,155466,224204,121692,96926,149372,57732,44437,72816,8753,1015.289,0.3399,0.0465,63
143,42545,33081,0.1608,0.7943,0.0184,0.1786,64835,24592,12514,2073,1976,2160,2916,2871,2486,2707,3126,10356,10956,11210,13684,15349,10055,13564,14672,14240,11610,17190,2892,2105,3824,10710,8744,12909,638,1089.807,-0.549,0.0448,-7.2
145,16968,12909,0.1947,0.5639,0.2091,0.1393,63290,9576,4377,1286,1168,1684,1899,1713,1445,1787,1782,3344,3480,3441,4177,4520,3215,4157,4351,4946,3991,6010,1697,1270,2197,3048,2448,3719,200,773.871,-0.2731,0.0405,-1.7
147,35662,28332,0.0867,0.8105,0.0671,0.1283,73445,22952,11186,1767,1820,2123,2655,2607,2107,2559,2927,8856,9667,9536,12171,13648,8569,11836,13084,12943,10486,15679,2711,1936,3630,9686,7852,11741,546,898.884,-0.5389,0.0422,-7.8
149,24435,18993,0.1481,0.7779,0.0584,0.1935,76087,17641,10308,1777,1748,2127,2650,2515,2198,2623,2649,8575,8649,8648,10162,10699,8227,10047,10408,11260,9110,13677,2749,1975,3674,8085,6534,9834,426,959.808,-0.4739,0.0378,-5.6
151,3672,2744,0.2569,0.6727,0.0353,0.1232,64748,2507,1336,310,210,403,352,330,340,351,358,1161,1172,1265,1448,1487,1139,1418,1420,1469,1149,1837,341,232,473,1070,837,1337,58,901.753,-0.4965,0.0395,-0.8
153,5402,3479,0.4895,0.4573,0.0221,0.1182,59372,3400,1394,412,201,435,438,358,476,397,406,1448,1250,1474,1584,1715,1394,1554,1617,1554,1211,1953,363,246,507,1132,880,1424,60,992.522,-0.495,0.0384,-0.8
155,1095,837,0.1087,0.8435,0,0.178,61563,763,526,101,69,113,99,92,113,107,94,331,452,383,445,448,321,404,438,554,427,702,124,82,176,406,313,515,24,707.684,-0.5107,0.0426,-0.4
157,822638,558556,0.2104,0.34,0.2283,0.2954,128076,528689,248353,125374,129116,134686,195552,179310,142399,178984,186710,125867,117249,117291,157718,173592,111423,160977,159691,283995,235049,337716,159643,127613,195605,112579,91343,136174,11772,885.25,0.1657,0.0415,53.2
159,10359,7769,0.0774,0.8441,0.053900000000000003,0.1713,75118,6560,3399,537,512,665,804,813,639,753,859,3359,3369,3583,4161,4473,3300,4114,4349,3872,3096,4745,800,557,1095,2930,2347,3588,142,294.768,-0.55,0.0366,-7.2
161,19435,14923,0.1145,0.7088,0.1539,0.1224,66947,12364,6029,1143,991,1471,1635,1500,1279,1553,1602,5336,5600,6026,6991,7509,5243,6838,7206,6898,5527,8446,1496,1054,2027,5131,4115,6279,270,891.992,-0.527,0.0392,-4.1
163,18385,12495,0.7497,0.1648,0.0652,0.099,66947,9151,3807,1739,1791,2444,2422,1848,2016,2283,2036,1844,1872,1856,2823,3060,1636,2489,2567,4344,3496,5299,1985,1485,2563,2168,1702,2696,190,1134.348,-0.0421,0.0438,-0.2
165,21598,10592,0.3806,0.5652,0.0362,0.092,82679,9683,3967,475,311,597,576,538,513,548,561,3305,3761,3907,5355,5840,3317,5118,5700,4629,3642,5761,529,354,746,3949,3114,4908,151,1502.851,-0.7389,0.0325,-2.3
167,350707,257595,0.211,0.6074,0.1256,0.2306,102550,229917,108338,39314,40229,43658,58842,56732,45065,55094,59316,72104,68822,73757,93911,100295,67641,94317,95114,123343,101738,147260,51695,40370,64638,66022,54105,79195,5626,873.887,-0.1162,0.0456,-16.4
169,5816,3812,0.4224,0.4237,0.1209,0.0764,55092,2420,1161,186,135,230,231,213,203,225,223,1078,1056,1225,1413,1374,1068,1374,1318,1267,998,1574,217,148,301,1002,791,1242,48,896.2,-0.6197,0.0382,-0.9
171,26725,21313,0.1645,0.8145,0.0013,0.2247,77167,20942,13129,2030,2421,2288,3177,3160,2572,2996,3296,10351,10801,10446,12514,13202,9890,12544,12881,14460,11670,17620,3533,2542,4711,10302,8310,12550,625,1061.677,-0.4681,0.0432,-6.4
173,1116,719,0.114,0.886,0,0.2188,104941,643,436,36,27,34,39,38,37,35,37,515,542,553,611,623,513,603,616,479,371,603,48,30,71,413,322,518,18,901.085,-0.7618,0.0374,-0.4
175,7012,5489,0.2738,0.6573,0.0554,0.1468,66725,5294,3192,617,663,973,877,778,717,840,853,2397,2664,2620,3085,3178,2326,3000,3016,3443,2761,4214,889,630,1199,2416,1939,2954,137,859.366,-0.4435,0.0399,-1.8
177,19653,13337,0.3978,0.5015,0.0832,0.0849,59951,12066,5204,1170,1129,1571,1948,1729,1422,1782,1849,4394,4369,4587,5627,5981,4174,5617,5607,5839,4690,7130,1678,1209,2236,3933,3155,4812,228,1069.854,-0.3863,0.0391,-2.1
179,21227,14250,0.2005,0.7017,0.0622,0.125,61334,11524,5438,551,478,701,829,845,615,774,878,5330,5013,6500,6840,6691,5246,6705,6489,5992,4731,7442,851,564,1208,4925,3896,6101,217,929.333,-0.6799,0.0362,-4.4
181,135543,102198,0.0925,0.8065,0.0527,0.1605,79510,94801,44693,9857,9581,10301,14506,14800,11157,13938,15453,32562,34948,35325,44163,50556,31655,43735,48504,52094,42666,62494,14515,10888,18743,35567,29151,42646,2012,979.197,-0.4041,0.0386,-21.5
183,124239,86632,0.1163,0.6431,0.1849,0.1503,71582,73432,32757,10015,8662,11677,14796,13294,11133,14025,13660,25558,24223,28764,32493,33026,24569,32467,31862,37230,30364,44815,12796,9715,16368,23132,18815,27933,1302,275.777,-0.2776,0.035,-37.5
185,28104,21651,0.1886,0.6588,0.1037,0.144,76958,20020,9176,1855,1732,2194,2833,2734,2034,2678,2900,6674,7607,7065,9432,11197,6490,9338,10830,10864,8790,13179,2711,1976,3578,7750,6268,9408,404,801.601,-0.4639,0.0371,-6.3
187,172651,132455,0.3463,0.5264,0.0807,0.2057,97708,119669,55421,17265,19356,18391,28805,29573,20079,26697,30981,36284,36882,36632,47553,54691,33938,48308,50972,65026,53526,77842,27001,20911,33975,34777,28403,41858,3249,714.788,-0.1196,0.05,-10.9
189,32522,21913,0.54,0.3851,0.053,0.101,53486,17123,6193,1727,1165,2101,2279,1903,1970,2155,2013,5532,5094,6366,7177,7283,5360,6999,6941,6908,5642,8333,1830,1356,2390,4802,3920,5792,275,1004.775,-0.4302,0.0398,-3
191,2825,2100,0.2952,0.601,0.0367,0.1621,49638,1772,832,142,94,164,168,149,161,156,155,815,774,893,995,992,807,967,957,954,759,1177,166,113,229,750,598,923,38,904.097,-0.6127,0.0402,-0.6
193,8222,6188,0.0823,0.8972,0.0095,0.1945,58222,5545,3123,405,433,479,639,625,507,590,679,2903,3006,3060,3610,3809,2795,3570,3699,3458,2744,4272,645,439,897,2676,2127,3298,138,836.393,-0.5874,0.0398,-2.4
195,5285,3101,0.3705,0.5963,0,0.2455,77598,2779,1438,118,91,171,166,146,138,158,147,1548,1419,1730,1848,1842,1552,1838,1802,1602,1268,1981,155,103,220,1390,1102,1715,57,920.408,-0.7705,0.0358,-1.3
197,3549,2639,0.2065,0.6775,0.0451,0.1213,67979,2297,1115,154,114,249,241,188,185,232,217,997,866,1207,1330,1210,973,1313,1163,1202,939,1507,217,145,305,945,740,1182,40,696.871,-0.6057,0.0336,-1
199,56236,42842,0.053,0.8683,0.0535,0.1556,85200,40533,19369,2327,2029,2780,3474,3347,2636,3388,3603,17528,17432,19606,23858,24691,17391,23516,23992,21496,17458,26014,3297,2333,4460,17582,14303,21221,616,897.558,-0.6645,0.0287,-15.9
201,4731307,2893364,0.3221,0.3585,0.2245,0.2007,87401,2536556,1099506,628804,595653,707914,918193,808771,700200,854158,841784,559819,490261,545955,700630,722695,498902,718228,666027,1243452,1041670,1461349,719435,587995,863670,470626,386670,563302,53392,1777.401,0.2001,0.0429,140
203,68770,51099,0.0895,0.6654,0.2163,0.1544,70612,44007,20471,5562,4688,7151,7900,7369,6245,7605,7408,16747,16472,18749,21455,22658,16226,21221,22137,23045,18832,27723,6930,5212,8931,15371,12522,18512,744,915.753,-0.3663,0.0323,-9.2
205,5382,3720,0.2454,0.6253,0.0841,0.1633,77150,2470,1394,124,96,172,195,163,151,176,172,1474,1463,1727,1868,1843,1451,1859,1817,1588,1256,1967,181,120,257,1347,1070,1664,60,1463.122,-0.7346,0.0378,-0.8
207,5416,4292,0.2241,0.7029,0.0615,0.1265,64159,3276,1610,267,191,314,353,312,302,347,357,1385,1465,1403,1840,1915,1360,1808,1823,1791,1435,2194,339,237,463,1383,1110,1693,68,910.263,-0.5831,0.0381,-1.1
209,241067,195373,0.3415,0.5786,0.0405,0.2706,100512,173323,89675,39243,48970,33224,59524,65528,45290,55597,67475,37652,39085,33826,47680,58438,33098,49539,54436,103367,85150,123609,59581,47391,73432,38158,30693,46517,5628,678.801,0.2072,0.0544,31.6
211,3382,2284,0.1975,0.7404,0.0333,0.1997,75496,2129,1307,152,138,181,206,190,157,197,195,1199,1198,1462,1486,1412,1209,1465,1380,1435,1135,1780,220,148,309,1149,910,1423,66,912.157,-0.6477,0.0463,-1
213,82150,64090,0.0945,0.8164,0.0533,0.1369,68470,56561,27408,4622,4798,5669,7060,6919,5415,6672,7453,21775,22909,23650,28911,31379,20891,28717,30046,31284,25607,37590,7159,5224,9421,22865,18712,27472,1261,948.435,-0.502,0.0403,-16.6
215,870781,466488,0.8801,0.0966,0.0078,0.1346,58140,430238,141229,93935,82671,118809,128199,104517,104416,116962,110139,55421,56783,48642,90527,110760,46505,84284,96208,165406,136708,197063,95001,74403,118050,64285,50332,79991,6120,1582.825,0.1857,0.037,19.4
217,35874,27241,0.1668,0.7545,0.0526,0.1174,64266,24795,10890,2052,1830,2547,2860,2919,2443,2688,3223,9262,9418,10108,11926,13669,8927,11845,13104,12639,10247,15331,2847,2054,3789,9278,7522,11245,514,985.706,-0.5088,0.0407,-6.5
219,21537,14605,0.4261,0.5215,0.0366,0.1204,66490,12810,5272,1028,786,1257,1482,1323,1211,1384,1355,4949,4690,5782,6536,6616,4844,6449,6437,5962,4800,7262,1301,930,1747,4448,3585,5415,213,908.564,-0.5277,0.0358,-3.5
221,61598,50730,0.0909,0.8717,0.0106,0.2233,89804,48734,26995,3765,4301,4008,5701,6051,4720,5282,6586,20865,22596,21382,26672,30167,20090,26425,29107,30578,24854,36952,6500,4713,8625,22660,18443,27349,1418,436.82,-0.5285,0.0464,-37
223,36787,26293,0.0961,0.8052,0.0709,0.1426,73191,23375,11762,2218,1999,2510,3046,2917,2545,2833,3142,9533,10223,10707,12719,13754,9306,12497,13269,13321,10843,16088,3177,2300,4216,9628,7849,11623,516,792.772,-0.4842,0.0387,-8.1
225,22054,17041,0.1006,0.6373,0.213,0.1021,62532,13062,6790,1641,1399,1978,2314,2065,1772,2230,2104,5659,5726,6205,7060,7247,5552,6984,7033,7667,6189,9312,2172,1586,2862,5229,4217,6359,266,1236.575,-0.3987,0.0347,-2.5
227,34860,22649,0.4024,0.5111,0.0564,0.1031,81928,16210,6443,1542,1077,1768,2069,1759,1693,1954,1895,5737,5367,6635,8054,7817,5651,7840,7388,7271,5935,8772,1668,1232,2179,5283,4315,6363,319,904.205,-0.4972,0.0439,-4
229,3202,2097,0.6037,0.3495,0.0219,0.09,52096,1610,718,332,260,324,371,272,404,373,280,535,588,503,771,747,506,673,694,785,623,971,273,196,365,474,371,590,39,4571.369,-0.2554,0.0493,-0
231,99956,76930,0.1432,0.7414,0.0791,0.1523,78122,67089,29550,5946,6422,6396,8906,10212,7151,8319,11067,22078,23744,23910,29163,36137,21115,28888,34351,35435,28999,42627,9611,7157,12461,24288,19853,29206,1537,882.023,-0.4142,0.0434,-16.6
233,20617,14367,0.1859,0.7532,0.0231,0.1204,75744,12224,5767,687,540,854,965,913,753,900,946,5874,5437,7042,7681,7273,5854,7575,7047,6421,5107,7912,919,625,1280,5242,4172,6451,260,894.952,-0.6732,0.0405,-4.8
235,1513,1045,0.2478,0.6995,0,0.2198,76313,1131,660,87,70,90,120,105,96,111,118,641,618,660,763,761,636,763,732,714,555,898,115,76,164,567,442,712,31,1051.612,-0.6332,0.044,-0.4
237,8472,6547,0.1243,0.8144,0.0336,0.1058,74548,5259,2735,246,227,314,331,363,296,319,427,2539,2744,2973,3418,3819,2498,3322,3689,3176,2515,3931,369,246,521,2695,2142,3329,112,920.124,-0.7326,0.0352,-2.5
239,14988,11000,0.2681,0.6372,0.0725,0.1365,72457,9025,3797,715,550,904,1033,904,832,1021,994,4016,4013,4266,5231,5360,3911,5167,5197,4301,3415,5309,835,575,1154,3327,2646,4102,139,856.871,-0.5793,0.0323,-2.9
241,32967,24672,0.0479,0.7791,0.1487,0.0917,62327,23207,10825,1990,1601,2582,2954,2615,2282,2851,2702,9732,9701,10577,12542,13162,9504,12312,12842,12508,10153,15149,2767,2018,3654,9363,7602,11340,378,969.69,-0.5273,0.0302,-6.8
243,1996,1455,0.2557,0.6907,0,0.2043,60470,1473,1017,407,374,422,501,450,466,483,447,719,641,694,784,699,683,767,671,1071,840,1336,482,347,640,529,404,674,60,2264.636,-0.0446,0.0561,-0
245,256521,174385,0.1543,0.4435,0.3527,0.1347,69668,139590,61829,34438,26617,42443,46073,38936,37035,44112,39643,38916,34952,42862,47570,46596,36656,46928,43888,68490,56486,81751,34265,27278,42099,31793,26035,38195,2431,1112.652,0.0361,0.0355,2.2
247,4838,3186,0.8955,0.0967,0.0044,0.1277,45033,3378,1658,938,876,1635,1197,856,1060,1136,917,508,650,430,833,725,409,652,586,1771,1385,2215,1079,805,1399,625,464,814,67,1136.209,0.2561,0.0378,0.4
249,38891,27526,0.7742,0.2045,0.0052,0.1096,58997,24977,9475,4616,4375,6688,6119,5577,5331,6025,5895,5088,5063,5411,7453,7636,4520,6957,6773,10512,8533,12734,5113,3937,6449,5029,4008,6179,369,868.544,0.008,0.0351,0.1
251,179986,138261,0.1969,0.7173,0.0518,0.1792,89372,123798,55141,10105,12266,10988,16464,19247,12211,15474,20935,41485,42954,44382,54628,60752,39571,54403,57382,65373,53664,78347,18797,14077,24292,43663,35780,52427,2913,734.136,-0.3804,0.0446,-33.9
253,19663,16331,0.2582,0.5796,0.1222,0.1023,62889,10212,4854,757,581,936,999,907,832,967,1039,4167,4349,4819,5660,5988,4115,5546,5729,5445,4259,6808,949,638,1330,4311,3375,5385,185,937.137,-0.6175,0.0339,-3.6
255,14710,11773,0.485,0.3752,0.115,0.0974,71885,8033,3684,1054,776,1145,1234,1051,1203,1178,1175,3023,3007,2965,3968,4001,2900,3833,3743,4100,3303,4996,1090,787,1450,2855,2305,3476,155,753.548,-0.4306,0.0378,-2.3
257,145310,113745,0.2044,0.5722,0.1819,0.1826,92503,104989,42668,10294,14002,10278,18405,24726,12002,17507,26235,27491,28285,29587,37624,44061,26118,37649,41177,52671,43198,63157,21117,16217,26718,29190,23764,35243,2364,807.62,-0.1533,0.0449,-10
259,44279,35569,0.1844,0.7747,0.0071,0.3248,122581,37502,21915,3382,4491,3643,6020,6355,4340,5335,6666,16076,17684,15700,20083,22668,15292,20584,22068,25398,20682,30714,6919,5108,9056,17317,14092,20926,1162,663.032,-0.4094,0.0458,-15.7
261,350,83,0.8675,0.1325,0,0.0407,38882,230,130,57,42,99,65,41,77,57,48,111,109,84,127,115,100,107,92,167,132,208,55,39,75,105,82,131,7,1945.796,-0.2961,0.0428,-0
263,753,639,0.1721,0.7872,0.0141,0.1752,72889,540,318,34,34,59,47,50,44,53,58,299,312,360,408,390,293,386,383,342,271,423,49,33,70,279,221,345,14,902.918,-0.6705,0.0421,-0.3
265,52598,41982,0.2033,0.7521,0.0191,0.1872,74930,37812,22161,4268,4648,4681,6524,6315,5198,5946,6672,17566,17524,17727,20879,21615,16822,21022,20840,24331,19823,29356,6828,5030,8946,16467,13396,19877,1036,1107.283,-0.3962,0.0426,-8.7
267,4286,3491,0.1979,0.7611,0.0083,0.1714,75300,2832,1587,161,188,206,284,261,195,254,298,1529,1666,1697,1987,2126,1495,1962,2039,1765,1398,2184,267,181,373,1425,1132,1758,73,1251.176,-0.6558,0.0416,-0.9
269,265,183,0.1311,0.7486,0,0.3389,46645,129,73,6,3,5,8,6,6,5,5,120,100,149,151,129,124,149,129,84,65,106,4,2,7,76,59,96,4,913.343,-0.8519,0.0429,-0.1
271,3129,2603,0.4864,0.4806,0,0.0905,70810,1927,1082,290,258,458,446,345,358,395,390,890,907,936,1144,1062,827,1070,969,1114,870,1396,343,239,469,716,554,901,55,1365.122,-0.3343,0.0495,-0.3
273,31040,22179,0.6998,0.2377,0.0337,0.1473,66547,17382,7552,3629,3463,4713,5381,4345,4456,5129,4621,4831,4074,4364,5575,5614,4081,5438,5049,8361,6785,10138,4265,3281,5394,3785,3006,4663,310,1090.203,0.0574,0.0371,0.4
275,3353,2348,0.2658,0.644,0.0498,0.107,56386,2113,996,217,140,247,265,214,229,263,249,866,889,1078,1180,1156,855,1147,1096,1093,862,1357,229,156,318,821,648,1020,43,855.481,-0.5423,0.0391,-0.7
277,50088,37558,0.0646,0.763,0.1247,0.1461,67853,30357,14469,3216,2665,3583,4420,4079,3715,4264,4344,13079,12546,14561,16698,17044,12688,16417,16454,16146,13160,19470,3916,2874,5144,11622,9476,14003,608,933.103,-0.4772,0.0376,-8.3
279,13045,8155,0.4867,0.4573,0.0354,0.0882,59662,7145,2825,629,419,770,840,729,699,802,729,2785,2628,3040,3521,3398,2741,3469,3285,3126,2495,3836,723,512,979,2286,1826,2803,117,1017.716,-0.4999,0.0374,-1.5
281,21627,17402,0.1712,0.7424,0.0429,0.1738,79242,15734,8004,1343,1502,1483,2144,2232,1569,1978,2314,6073,6625,6385,8086,8961,5836,8102,8606,9211,7337,11357,2323,1623,3167,6430,5122,7922,457,713.59,-0.4459,0.0496,-5.8
283,6664,5052,0.7162,0.2086,0.0657,0.0673,66948,3928,1496,725,662,1129,1052,933,813,1005,956,728,761,871,1335,1417,673,1082,1088,1621,1278,2014,764,560,1002,796,613,1007,61,1494.235,-0.0194,0.0378,-0
285,20337,15004,0.1302,0.7963,0.0449,0.1543,69995,13856,8047,830,759,1170,1333,1235,1019,1305,1378,6856,7380,7347,8804,9215,6688,8599,8915,8859,7149,10778,1416,992,1932,7152,5791,8677,291,970.436,-0.6474,0.0329,-5.9
287,17478,13470,0.1934,0.685,0.1016,0.1617,91376,11596,6130,1129,1095,1372,1750,1640,1322,1689,1719,4650,5108,4997,6255,6724,4487,6211,6505,6895,5568,8391,1697,1219,2267,4919,3969,5988,280,634.106,-0.4672,0.0406,-5.1
289,15719,11891,0.0932,0.8086,0.0733,0.1202,62404,11961,6562,751,698,909,1072,1033,855,1028,1115,5781,6082,6391,7523,7982,5711,7421,7734,7452,6034,9036,1139,799,1551,6051,4912,7329,263,1080.619,-0.6591,0.0353,-4.5
291,91628,60712,0.219,0.6535,0.0967,0.0798,70909,51872,19248,3816,3488,4862,5785,5952,4421,5662,6429,16527,16079,18892,23302,25241,16041,22743,23983,23175,18898,27946,5375,3958,7058,16923,13788,20397,877,1176.354,-0.4983,0.0378,-9.8
293,22146,15806,0.1284,0.6691,0.1815,0.1299,63053,13554,6545,1535,1366,1778,2213,1921,1672,2112,2045,5330,5390,5796,6789,7081,5211,6656,6821,7340,5968,8872,2066,1530,2692,4962,4031,6001,313,933.164,-0.3945,0.0426,-3.1
295,3059,1749,0.2224,0.7021,0.0034,0.1809,74378,1611,889,109,69,135,131,123,116,117,131,947,894,1159,1205,1125,942,1181,1094,979,775,1215,127,85,179,812,644,1006,40,932.329,-0.6996,0.0405,-0.7
297,11335,8497,0.3529,0.5463,0.0253,0.0845,60022,6964,3625,505,545,742,820,761,602,790,822,3117,3424,3464,4201,4307,3032,4125,4165,3947,3172,4824,820,575,1116,2995,2410,3652,132,1078.878,-0.5509,0.0334,-2
299,21245,18274,0.0784,0.8885,0.0033,0.2099,75358,17548,10832,1751,1920,1825,2465,2613,2124,2331,2677,8287,8977,8299,10079,10902,7954,10047,10698,12045,9586,14834,2925,2068,3964,8603,6852,10587,517,965.856,-0.4714,0.0429,-5.9
301,64,43,0,0.7674,0,0,51250,95,75,9,6,4,4,10,6,5,17,46,69,57,60,86,46,58,75,80,62,101,13,8,19,63,49,80,3,676.533,-0.6312,0.0438,-0.1
303,310639,233658,0.3227,0.5777,0.0633,0.197,74632,187248,82925,27266,24497,28023,40017,37148,32068,36319,37560,61775,58163,65651,78861,86547,58780,79459,83643,94988,78350,113478,33626,25938,42426,57196,47032,68484,4167,900.702,-0.2481,0.0439,-26.2
305,5596,4017,0.3891,0.5733,0.0167,0.1612,74500,4017,1164,302,196,403,429,367,323,412,363,1380,1502,1546,1853,2171,1369,1817,2113,1378,1100,1692,299,209,408,1020,814,1253,59,893.477,-0.5235,0.0432,-0.8
307,7630,5552,0.2446,0.7206,0.0119,0.1416,61247,5060,2454,368,314,482,490,455,400,460,497,2274,2221,2552,2904,3033,2244,2843,2938,2762,2189,3408,479,328,663,2177,1731,2684,106,1073.433,-0.6149,0.0383,-1.6
309,260579,187169,0.1918,0.6346,0.1389,0.1776,74152,151321,72203,24734,23765,27063,36688,33863,28452,33439,35632,49195,47875,48260,59543,64606,45855,60036,62054,81330,66968,97328,32136,25016,40297,45638,37420,54720,3555,1060.243,-0.166,0.0437,-12.7
311,600,384,0.5495,0.4505,0,0.1928,43875,550,320,33,28,40,53,37,41,43,48,395,343,454,460,448,387,454,423,341,265,429,40,25,58,288,225,362,13,1156.782,-0.7285,0.0395,-0.2
313,13467,9829,0.1806,0.5847,0.1849,0.1498,76006,8050,3819,722,595,881,1088,964,780,1030,1012,3081,3272,3351,4169,4498,3033,4118,4336,4343,3395,5433,990,678,1371,3198,2498,4007,155,472.433,-0.5083,0.0356,-4.7
315,9794,8032,0.04,0.7275,0.2102,0.128,53610,7303,3181,939,700,1165,1339,1101,1018,1276,1101,2553,2557,2983,3470,3577,2448,3380,3509,3644,2938,4441,1103,799,1462,2400,1922,2941,141,420.322,-0.3561,0.0386,-3.1
317,5237,3371,0.4037,0.5248,0.0433,0.1936,106505,2789,1260,229,149,266,288,247,243,263,264,1303,1341,1455,1857,1825,1297,1811,1756,1438,1126,1801,228,153,322,1156,908,1446,53,915.702,-0.6453,0.0372,-1
319,3953,3055,0.1519,0.837,0,0.2302,61307,3085,1948,333,339,354,457,434,402,443,441,1605,1702,1656,1991,2076,1560,1980,2027,2138,1663,2691,487,328,683,1564,1217,1967,87,932.216,-0.5038,0.0407,-1.2
321,36255,24635,0.3532,0.5077,0.1002,0.136,61556,20545,9045,2667,2273,3500,3733,3231,3042,3551,3486,7698,7350,8366,9845,9957,7326,9647,9482,10332,8329,12602,3195,2352,4190,6720,5398,8209,417,1612.512,-0.3412,0.0404,-2.2
323,57887,31218,0.9311,0.0415,0.0036,0.0944,50162,34644,9986,6940,5555,10397,8326,6373,7727,7950,6859,3495,3860,2816,6881,9285,2951,5708,7287,11554,9347,14039,5822,4288,7582,5238,3936,6714,494,1291.779,0.0505,0.0428,0.5
325,50748,40096,0.4744,0.4672,0.0368,0.1505,81181,35184,16550,3964,4591,4634,6773,6950,4621,6207,7416,12057,12601,12085,15642,17464,11444,15594,16508,19062,15484,23096,6570,4887,8539,11759,9477,14326,733,1334.534,-0.2722,0.0385,-3.9
327,1962,1451,0.2378,0.7264,0.0062,0.1665,69104,1406,735,130,110,154,197,170,145,189,194,646,659,682,823,861,632,797,824,850,669,1057,181,124,251,634,499,788,35,902.264,-0.5328,0.0409,-0.5
329,169983,112682,0.3958,0.5047,0.067,0.206,101665,91718,39523,8101,7154,10025,12329,11351,9723,11417,11866,34049,32389,36973,45624,46944,32867,45733,45032,45116,37040,54034,10688,7999,13804,32547,26772,38934,1880,902,-0.4845,0.0417,-24.2
331,24734,18975,0.2004,0.6936,0.0835,0.1392,70974,16040,8004,1795,1559,2051,2496,2331,1997,2382,2462,6080,6717,6364,7984,8691,5922,7759,8347,8943,7196,10927,2415,1730,3232,6162,4946,7536,365,1020.924,-0.419,0.0409,-3.7
333,4470,3466,0.1431,0.8246,0.0038,0.1882,69686,3207,1835,206,198,243,271,310,229,252,344,1790,1894,1951,2217,2418,1764,2196,2343,2074,1635,2577,310,205,441,1678,1326,2082,86,749.778,-0.6597,0.0415,-1.8
335,8990,6935,0.353,0.492,0.0815,0.0663,62731,4304,1741,298,185,354,397,352,323,359,374,1595,1576,1780,2170,2144,1585,2129,2059,1932,1511,2414,363,244,510,1495,1173,1864,74,915.912,-0.5855,0.0384,-1.2
337,19965,15791,0.0809,0.8839,4e-4,0.1274,64821,15059,7707,765,765,885,1097,1208,941,1051,1353,6563,7004,7526,8615,9825,6424,8526,9489,8841,7149,10733,1267,882,1736,7249,5884,8786,324,938.276,-0.6767,0.0367,-6.4
339,620468,453080,0.1917,0.6938,0.0646,0.2492,110984,433591,207951,43044,52654,45835,74377,82277,51268,68254,86879,144664,152694,150314,193382,221964,137395,194528,213797,244591,202258,291432,79383,60683,100951,155479,128334,185455,9729,1076.884,-0.3111,0.0398,-70.7
341,21358,10567,0.4654,0.4512,0.0225,0.0952,65092,9479,3510,750,479,1098,1062,860,787,999,954,3268,3081,3977,4359,4458,3248,4314,4186,3976,3150,4927,827,577,1133,3002,2382,3716,146,909.621,-0.5471,0.0367,-2.4
343,11965,8908,0.0601,0.6801,0.2264,0.1018,60821,8203,3760,1157,921,1425,1664,1312,1257,1634,1353,3016,3041,3443,3841,4092,2951,3727,3958,4270,3400,5247,1292,928,1721,2834,2240,3501,144,258.701,-0.3612,0.0337,-6
345,1063,1029,0.0933,0.8192,0.0612,0.1311,56285,794,473,35,18,40,46,35,40,44,41,489,482,566,604,612,483,591,592,542,428,673,47,31,68,473,374,587,21,989.815,-0.7868,0.0392,-0.4
347,64653,46795,0.1298,0.6662,0.1761,0.1682,58925,37693,18583,6843,5480,6846,9000,7690,7732,8487,7927,14411,13248,14771,17378,17575,13775,17370,17072,20494,16682,24746,7199,5465,9208,12480,10131,15089,815,980.969,-0.2576,0.0398,-5.4
349,52624,35648,0.1946,0.6411,0.1079,0.1265,68237,31003,13776,3411,3157,4002,5101,4708,3918,4821,5120,10818,10829,11994,13800,14983,10391,13701,14327,15749,12879,18924,4591,3438,5943,10470,8547,12608,688,1086.002,-0.3733,0.0437,-5.4
351,12217,9690,0.0352,0.7703,0.167,0.0407,44792,7611,3537,870,689,1156,1173,952,993,1163,972,3771,3660,4288,4882,4781,3660,4784,4650,3961,3215,4804,888,648,1173,2932,2381,3555,142,939.728,-0.5161,0.0358,-2.2
353,14738,10539,0.3387,0.5958,0.0288,0.1042,59660,8102,3696,806,647,1029,1162,1020,927,1077,1123,3196,3093,3552,4131,4048,3116,4102,3808,3876,3095,4758,960,679,1296,2756,2200,3386,160,913.948,-0.4634,0.0414,-2
355,353451,253354,0.5874,0.3419,0.0388,0.1511,74190,206387,88756,39720,40474,49198,60925,53248,47392,57180,55433,52918,47567,50766,64617,67201,45956,64558,62062,99371,81878,118676,50525,39795,62621,44781,36334,54172,4065,1165.443,0.0578,0.0409,4.9
357,10015,5231,0.3699,0.5877,0.0011,0.1327,68517,4704,2040,212,135,274,302,269,229,278,280,2167,1975,2628,2812,2723,2159,2783,2669,2283,1775,2872,275,180,394,1934,1507,2426,75,918.199,-0.7267,0.0327,-1.8
359,1758,1298,0.1895,0.7951,0.0154,0.178,78818,1205,699,62,50,78,81,74,82,74,91,742,710,850,917,895,732,908,862,798,630,991,69,46,98,696,551,865,32,1501.427,-0.7869,0.0404,-0.4
361,84808,62411,0.07,0.8198,0.0796,0.1246,78730,53585,24844,4348,3722,5735,6357,5945,5050,6249,6285,21724,21153,25513,29186,30191,21164,28720,29050,27915,22872,33509,5784,4282,7539,21269,17454,25498,862,379.53,-0.5547,0.0309,-40.8
363,28409,21491,0.1444,0.8066,0.0246,0.1232,70272,19341,9294,1529,1486,1708,2178,2143,1837,2028,2355,7811,7896,8284,10179,11093,7547,9999,10611,10528,8581,12675,2199,1603,2906,7880,6431,9478,448,985.508,-0.5396,0.0426,-5.8
365,22491,17023,0.0611,0.7593,0.1191,0.1092,65642,16617,8028,1494,1213,1835,2057,1905,1598,2015,1935,7182,7039,8445,9326,9500,7120,9145,9281,9024,7303,10956,1908,1362,2565,6841,5540,8299,274,821.32,-0.5466,0.0304,-6
367,148222,120369,0.1093,0.8471,0.0127,0.2179,111255,121206,62680,8099,10123,8344,13017,14872,9956,11919,16349,45981,52523,46473,62045,75168,44071,61705,72477,73604,60472,88126,15342,11349,20036,54760,45067,65467,3502,910.095,-0.5355,0.0476,-43.3
369,9869,5462,0.5291,0.4334,0.0057,0.1367,75750,4269,1707,352,202,484,488,368,372,454,374,1680,1546,1911,2135,2123,1675,2132,2060,1903,1493,2375,378,258,525,1451,1139,1809,75,885.204,-0.564,0.0393,-1.2
371,15193,10367,0.6507,0.2629,0.0485,0.0897,76802,7772,3592,1167,1043,1554,1382,1144,1339,1376,1206,2299,2548,2468,3215,3042,2161,3081,2817,3945,3115,4895,1369,977,1837,2387,1877,2973,189,4764.813,-0.2581,0.0479,-0.2
373,50123,40870,0.1149,0.7539,0.0798,0.1096,63482,33198,13515,3378,3229,4187,5387,4910,3850,5237,5106,13130,13377,15176,18573,19216,12794,17735,18596,16779,13653,20280,4080,2987,5375,12070,9809,14584,629,1109.66,-0.4762,0.0375,-7.2
375,118525,75885,0.3135,0.5357,0.0987,0.1221,63756,56457,21514,6674,5361,7657,9921,8748,7521,9168,8933,17299,16082,19630,22820,23007,16689,22683,22109,24632,20038,29751,8089,6113,10377,15490,12555,18784,1054,921.977,-0.3005,0.0428,-8
377,6131,3275,0.7133,0.2687,0,0.2022,40924,4098,1829,1149,1133,1458,1463,1288,1220,1374,1247,465,561,474,721,686,432,651,651,2048,1585,2585,1443,1082,1866,520,380,684,85,3855.937,0.4509,0.0417,0.2
379,12164,10082,0.0755,0.86240000000000006,0.0269,0.1633,68695,8762,4771,566,596,628,842,869,681,789,951,3810,4339,3968,5155,5649,3702,5060,5450,5418,4341,6632,953,662,1307,4248,3411,5192,217,258.828,-0.6081,0.04,-12.7
381,140753,108446,0.2114,0.7235,0.0241,0.2183,90745,93990,46983,8065,8228,8367,12802,12935,9613,11618,13596,39586,39243,43462,50796,53314,38479,51116,51991,53120,43506,63752,12794,9442,16684,38361,31451,45994,1965,922.442,-0.4813,0.037,-27.7
383,3385,1845,0.6331,0.3176,0.0287,0.0832,66075,1731,698,127,90,167,172,141,136,154,156,697,616,709,942,800,692,893,764,774,605,969,153,104,212,591,462,739,30,1176.006,-0.5659,0.0394,-0.4
385,2753,2109,0.1508,0.8345,0.0057,0.1846,49991,2451,1389,213,218,262,320,315,245,286,336,1341,1337,1382,1643,1625,1311,1626,1574,1614,1267,2014,341,231,477,1215,954,1514,58,700.065,-0.5415,0.0361,-1.2
387,11595,9032,0.0354,0.7695,0.1672,0.0916,52049,7807,3889,904,764,1149,1246,1103,973,1191,1148,3476,3482,3926,4517,4682,3427,4452,4498,4313,3495,5236,1128,826,1483,3016,2442,3662,169,1056.735,-0.4377,0.0391,-1.8
389,14745,8159,0.8144,0.1511,0.0266,0.0522,71450,7444,2216,1123,801,1659,1394,1070,1252,1337,1142,1204,1341,1417,2249,2340,1125,1978,2034,2550,2026,3145,1012,730,1344,1437,1120,1794,101,2642.071,-0.1665,0.0396,-0.2
391,6739,5194,0.4561,0.4486,0.0685,0.1081,61645,4730,2274,751,639,1034,1108,919,847,1023,958,1726,1658,1830,2210,2134,1636,2073,2004,2512,2020,3069,944,702,1228,1476,1176,1814,92,818.241,-0.2117,0.0367,-0.6
393,827,609,0.0755,0.8949,0,0.1742,67868,682,426,16,7,20,17,20,19,15,20,448,430,524,529,547,441,526,542,485,378,609,21,13,32,443,346,555,21,924.192,-0.8693,0.0428,-0.5
395,16777,12505,0.1589,0.6297,0.1792,0.1516,75867,11784,5743,1753,1293,2203,2374,1926,1942,2244,2006,4445,4643,4668,5646,6177,4292,5590,5982,6518,5264,7927,1929,1420,2528,4326,3482,5276,263,865.708,-0.3678,0.0404,-2.8
397,107819,86781,0.173,0.6887,0.0911,0.283,136061,84054,42071,9393,12132,9633,16412,18092,11713,15023,19466,28556,30211,28396,36726,43542,26590,37584,41726,50556,41310,60846,17625,13274,22656,30559,24822,36945,2372,148.933,-0.2558,0.0469,-86.8
399,9900,7330,0.304,0.648,0.0374,0.1263,60816,6183,3056,345,277,453,552,452,385,515,525,2885,2924,3250,3807,3580,2842,3722,3430,3318,2648,4078,501,344,694,2702,2160,3314,115,1057.095,-0.6635,0.0345,-2.1
401,52214,39068,0.1264,0.6708,0.1539,0.1161,68494,31550,14811,3233,2694,3935,4629,4327,3609,4455,4488,12862,12751,14675,16534,17212,12595,16367,16646,16830,13721,20283,4235,3091,5569,12000,9777,14461,595,938.568,-0.4614,0.0353,-8.3
403,9898,8231,0.0146,0.8696,0.0697,0.0991,62011,7708,3989,458,385,614,669,590,496,688,612,3477,3755,3992,4784,4972,3456,4678,4864,4420,3509,5461,662,460,912,3641,2892,4492,117,576.628,-0.6739,0.0264,-5.2
405,7914,6024,0.0224,0.7392,0.2223,0.0814,48855,5317,2548,684,546,910,980,809,734,928,808,2296,2288,2622,3007,2917,2266,2898,2834,2801,2251,3419,843,623,1100,1852,1484,2269,106,592.298,-0.3602,0.0377,-1.7
407,27340,20977,0.1153,0.7673,0.0916,0.0879,67010,19298,9098,1529,1540,2038,2337,2175,1785,2268,2338,7722,7882,8059,10161,10524,7499,9808,10118,10243,8220,12518,2242,1583,3045,7623,6120,9298,378,627.911,-0.5253,0.0369,-8.6
409,68484,48692,0.5154,0.4428,0.0198,0.1179,73078,42803,17685,5842,5643,7871,8988,8025,6777,8494,8578,12173,12028,13030,16516,17337,11335,16174,16116,19872,16191,23986,7608,5765,9727,11506,9310,13971,758,707.945,-0.1962,0.0382,-5.5
411,5716,4251,0.2131,0.7102,0.0322,0.1552,60619,3526,2081,211,200,293,287,276,247,270,333,1835,1947,2025,2308,2412,1811,2218,2314,2232,1776,2750,312,213,434,1840,1468,2263,80,1138.518,-0.6845,0.0358,-1.3
413,2451,1788,0.486,0.4681,0.0073,0.1529,85327,1633,956,187,159,208,211,192,209,191,205,758,834,820,940,906,735,927,872,1053,822,1319,244,166,341,768,598,962,41,1310.675,-0.4975,0.0393,-0.4
415,16932,11969,0.3698,0.557,0.0379,0.1115,74397,8864,4049,577,480,733,818,734,642,805,811,3750,3607,4410,4983,4945,3705,4870,4683,4433,3550,5430,741,515,1018,3534,2838,4321,158,907.544,-0.6301,0.0356,-3.1
417,3105,2507,0.1364,0.8229,0.0024,0.2615,73640,2319,1037,87,81,103,130,146,103,115,173,1190,1148,1378,1484,1565,1174,1475,1520,1161,919,1436,128,85,183,990,785,1223,43,915.548,-0.7424,0.037,-0.9
419,24022,16758,0.113,0.679,0.1627,0.115,49598,15385,6765,1366,1045,1758,2068,1741,1521,2022,1756,6132,5846,7179,7975,8164,6008,7868,8022,7605,6159,9225,1744,1264,2309,5630,4565,6826,231,834.616,-0.511,0.0304,-4.7
421,2782,1499,0.3115,0.6885,0,0.1963,56056,1194,614,74,35,95,91,70,87,88,82,701,665,807,885,817,692,888,791,712,563,882,86,58,122,596,473,737,30,923.024,-0.7156,0.042,-0.6
423,233479,171706,0.1354,0.6568,0.1762,0.1854,79740,152603,75500,20623,18763,22300,29615,28041,23182,28385,28971,55708,56608,58930,69080,74862,53760,69574,72205,85658,70595,102334,27698,21320,35059,54743,45050,65491,3217,949.722,-0.3157,0.0376,-28.5
425,9205,7072,0.1188,0.8377,0.0083,0.2256,81210,6836,3789,499,553,540,768,751,633,712,859,3142,3430,3206,4105,4493,3032,4103,4298,4285,3354,5358,806,543,1131,3302,2587,4124,177,191.864,-0.5825,0.0414,-13
427,65920,33215,0.9571,0.0366,0.0037,0.0958,39765,33824,12029,6941,6455,9289,9099,6862,8246,8139,6745,3210,4460,2224,8224,9487,2436,5825,7081,13914,11241,16912,7095,5307,9149,6116,4680,7745,703,1229.104,0.0703,0.0505,0.8
429,9101,7071,0.1919,0.7453,0.0325,0.1111,61240,5275,2601,291,217,348,397,384,324,374,450,2649,2511,3034,3385,3368,2627,3312,3216,2888,2262,3609,394,260,560,2407,1890,3003,87,921.489,-0.6972,0.0302,-2.2
431,1372,863,0.2885,0.7068,0,0.1481,64954,819,430,39,20,70,51,43,44,47,56,445,423,549,584,583,442,567,553,499,389,625,45,30,65,433,339,541,20,923.514,-0.778,0.0405,-0.4
433,1245,907,0.1301,0.8655,0.0044,0.1053,63898,915,543,96,70,135,116,108,112,122,118,503,492,555,615,603,497,586,580,590,462,739,113,76,158,456,357,570,21,920.242,-0.5813,0.036,-0.4
435,3372,2330,0.5734,0.3897,0.0034,0.1436,91948,2249,1134,248,178,313,322,228,265,305,239,939,970,1075,1222,1167,934,1204,1129,1260,981,1582,286,194,401,924,718,1161,51,1454.428,-0.5059,0.0401,-0.4
437,6971,5151,0.417,0.4745,0.0877,0.1204,42386,3670,1596,368,238,462,478,403,420,464,440,1491,1399,1671,1845,1840,1461,1795,1744,1805,1436,2222,420,295,571,1303,1038,1606,81,900.692,-0.4895,0.045,-1
439,2110640,1424146,0.2207,0.519,0.1816,0.2198,96743,1232305,586120,273814,279423,288392,411567,384501,313497,382408,401742,340404,303600,345921,409741,426626,309189,423117,399927,659241,548625,779901,344891,276378,421077,282366,231172,338776,31985,903.811,0.0948,0.0485,69.2
441,143208,105489,0.215,0.6766,0.0698,0.1797,75071,84122,39135,8880,8878,10085,14588,13624,10489,13074,14479,31152,29974,33250,39547,41198,29811,39887,39509,44576,36511,53485,13492,10172,17326,29156,23864,35020,1928,919.305,-0.3514,0.0433,-17
443,760,690,0.413,0.587,0,0.1925,44886,558,402,136,94,140,119,91,138,116,92,316,326,287,334,314,323,324,301,414,325,516,121,84,165,275,215,344,18,2358.058,-0.3735,0.0431,-0.1
445,11831,7585,0.5006,0.4286,0.0364,0.071,51512,5980,2555,552,377,753,757,587,629,714,609,2221,2167,2459,2812,2815,2169,2731,2663,2820,2218,3511,650,449,895,2052,1611,2559,118,890.941,-0.4975,0.0417,-1.6
447,1440,1255,0.0725,0.8845,0,0.1415,63194,1089,612,63,51,84,82,73,77,76,80,625,612,715,806,823,617,788,801,663,520,827,72,47,103,567,445,706,24,915.481,-0.7474,0.0366,-0.5
449,31247,18759,0.2759,0.5799,0.1272,0.1119,61601,16942,7017,2017,1535,2597,2856,2275,2265,2748,2386,5861,5701,6511,7570,7861,5685,7426,7545,7919,6413,9599,2401,1775,3133,5237,4232,6365,281,425.643,-0.3582,0.0355,-6.7
451,120003,87833,0.3583,0.576,0.0375,0.1667,72372,68138,31574,8373,7516,9173,12185,11585,9690,11329,12332,25792,23873,27494,32258,33399,24648,32274,31686,35381,28946,42494,10937,8251,14050,22964,18758,27630,1480,1540.564,-0.3399,0.0418,-7.8
453,1290122,936681,0.2567,0.5648,0.0867,0.3454,114967,820063,455028,320550,335810,308260,435860,398968,359772,408528,407198,145910,119577,127209,161337,170781,119278,175860,157197,499022,414716,592357,363806,297970,437271,111649,88759,137355,23567,1025.027,0.5053,0.0472,246
455,13598,10997,0.0716,0.82,0.0891,0.1194,54547,11168,5045,835,825,1142,1323,1192,998,1258,1293,4293,4465,4699,5579,6121,4146,5445,5897,5703,4618,6924,1192,852,1601,4292,3476,5208,219,713.973,-0.5434,0.0384,-4.3
457,19811,16044,0.0613,0.7947,0.1188,0.0909,59096,13263,6721,974,816,1248,1403,1252,1185,1400,1343,6081,6343,6624,8194,8327,5919,7916,8039,7502,6089,9086,1299,921,1755,5916,4809,7152,287,935.626,-0.6155,0.0383,-4.9
459,40892,31383,0.0669,0.8253,0.0738,0.124,65187,28508,13762,2177,1856,2380,2877,2820,2364,2804,2994,11638,12270,13209,15809,16939,11529,15470,16451,15748,12780,19041,2904,2065,3906,12279,9987,14832,565,592.585,-0.5953,0.0359,-15.8
461,3308,2311,0.5006,0.4639,0.0186,0.0572,48928,1965,1037,148,123,286,169,146,169,159,164,860,907,1007,1170,1149,854,1139,1069,1128,890,1397,170,114,238,905,716,1118,53,1241.502,-0.6517,0.0472,-0.6
463,24564,17083,0.6558,0.3151,0.0046,0.1243,55084,16626,7737,3070,3048,3867,4073,3218,3528,3821,3493,4755,4779,4835,6174,6482,4348,5968,5848,8517,6868,10367,3563,2669,4593,4585,3656,5636,369,1558.633,-0.1199,0.0434,-0.7
465,47586,29921,0.7593,0.2037,0.0155,0.1326,67760,27246,9351,5241,3814,6920,6770,5282,5955,6430,5782,5993,5530,5856,8284,9162,5345,8102,8071,10532,8494,12818,4754,3546,6150,5323,4192,6604,455,3232.67,-0.054,0.0432,-0.2
467,59541,46546,0.0808,0.8656,0.0265,0.1296,71966,39193,19493,2150,2414,2799,3516,3450,2634,3374,3838,15609,17698,18473,22270,24351,15182,22010,23626,22101,17963,26693,3626,2572,4891,17435,14203,21001,1040,859.618,-0.6248,0.047,-16.1
469,91319,65053,0.4224,0.4932,0.0596,0.1376,74075,55312,25018,7245,6452,8866,10380,9998,8046,9834,10176,19599,18519,21275,23358,25010,19005,23144,24002,28086,22939,33765,9460,7179,12085,17595,14347,21213,1031,888.835,-0.2896,0.0367,-9.2
471,76413,65439,0.1759,0.5753,0.2003,0.1384,56510,37148,17102,5331,4861,6091,7884,7461,6186,7414,7728,12199,12309,12884,15375,17515,11535,15480,16775,19960,16208,24167,7108,5363,9127,12020,9693,14639,832,801.499,-0.2461,0.0417,-6.1
473,56877,41870,0.2224,0.4448,0.2888,0.2034,86981,38936,15539,5791,5100,5748,8164,10183,6335,7701,10432,10639,11381,10531,14233,17077,10167,14189,16385,19199,15593,23201,7798,5955,9906,10620,8553,12922,782,517.863,-0.147,0.0407,-5.4
475,11647,7211,0.5063,0.4267,0.0472,0.0882,69651,6474,2472,690,418,783,764,627,800,725,710,2201,2065,2547,3241,3115,2096,3138,2931,2771,2186,3443,596,417,815,2064,1629,2564,111,835.844,-0.5299,0.0399,-1.8
477,36936,29087,0.1339,0.6717,0.1486,0.2084,82302,24653,13818,2730,2824,3382,4261,4058,3263,4017,4240,10532,10965,10945,12959,14020,10134,12988,13586,15409,12511,18634,4352,3237,5657,10388,8439,12548,669,621.751,-0.3917,0.0434,-9.7
479,267114,142493,0.9315,0.0553,0.0059,0.1458,67017,144163,45412,32055,27156,42307,41842,31996,35159,40845,33794,16287,16409,12947,25904,33397,13814,23159,28135,52087,42848,62315,30155,23398,37736,19408,14819,24585,2524,3375.592,0.2063,0.0485,3.2
481,41633,29323,0.3447,0.5095,0.117,0.1512,72114,25368,11982,3332,2697,4238,4694,3910,3793,4513,4150,9472,9354,10149,11926,12439,9094,11832,11915,13246,10687,16100,3912,2871,5135,8927,7185,10869,407,1094.37,-0.3786,0.0307,-4.6
483,4990,3324,0.13,0.8084,0.0193,0.145,61680,3031,1589,126,103,194,168,169,125,165,192,1682,1569,2087,2159,2093,1679,2079,2025,1744,1365,2179,168,108,242,1519,1191,1895,58,915.481,-0.7747,0.0331,-1.5
485,129350,95584,0.1597,0.6898,0.1039,0.1748,69674,72565,31156,8614,7824,8770,13161,12237,9971,12399,12545,24817,23328,27631,32069,31818,23648,31626,30711,34967,28595,42035,11506,8710,14731,22012,17943,26507,1449,632.862,-0.3005,0.0414,-16.6
487,12887,9509,0.2512,0.6211,0.0664,0.1198,59264,7501,3116,685,517,809,956,860,776,874,926,2722,2606,3166,3524,3566,2639,3473,3419,3444,2692,4307,850,585,1172,2484,1937,3115,109,977.974,-0.4744,0.0318,-1.7
489,20180,14080,0.8455,0.1186,0.0221,0.107,55396,10539,3500,2257,2137,3422,3108,2673,2773,2968,2892,1931,1656,1548,2441,2856,1527,2183,2365,3961,3208,4805,2229,1711,2826,1561,1208,1964,170,784.767,0.1686,0.043,0.9
491,609083,458418,0.2115,0.6239,0.0715,0.3058,123954,416225,223123,90002,110242,84468,142309,147766,105850,132441,151076,112214,111488,104175,138567,155310,99857,141224,146451,255680,211433,304250,136346,108026,167885,105707,85575,128244,13627,1131.883,0.1198,0.0533,27.1
493,49753,39302,0.3704,0.593,0.0191,0.18,95510,36730,18842,3800,4317,4790,6350,6247,4567,5943,6802,13704,14952,13998,18463,20894,13025,18327,19783,21339,17287,25844,6170,4548,8079,14426,11673,17501,742,808.411,-0.3869,0.0348,-10.2
495,7791,4565,0.5549,0.411,0.0287,0.0886,87356,3802,1290,284,177,420,358,283,321,338,303,1150,1130,1403,1753,1646,1123,1714,1560,1458,1150,1812,281,194,387,1122,885,1393,55,841.276,-0.5771,0.0379,-1
497,68632,53150,0.1372,0.818,0.0162,0.1529,93106,51958,24949,3184,3538,3412,4973,5605,3915,4644,6350,19633,21979,20670,27032,32385,19023,26630,31060,29690,24316,35716,5619,4045,7488,22736,18639,27313,1335,922.556,-0.5765,0.045,-18.6
499,44843,36879,0.0708,0.861,0.0388,0.1315,63671,33814,17775,2324,2331,2630,3509,3618,2635,3318,3757,14406,15678,15700,19049,20621,13987,18757,20129,20378,16470,24760,3975,2801,5382,15762,12766,19119,641,695.719,-0.5784,0.0315,-16.9
501,7694,4117,0.5465,0.3996,0.0036,0.1498,101512,4109,1553,303,190,426,420,342,335,387,357,1558,1427,1797,2174,2039,1558,2153,1928,1771,1404,2188,346,242,471,1356,1076,1677,69,799.728,-0.5706,0.0391,-1.3
503,17867,13122,0.1373,0.8213,0.0076,0.1534,68344,11952,5177,726,630,876,1034,962,821,967,1063,5579,5498,6601,7110,7298,5543,6996,7088,5923,4672,7363,922,621,1296,4788,3789,5938,212,930.858,-0.6527,0.0359,-4.2
505,13889,7185,0.9063,0.0791,0.0046,0.0971,48581,7767,3749,1292,1585,2063,1826,1877,1392,1821,1957,861,1817,1029,2033,2970,821,1454,2197,4199,3311,5206,2007,1458,2653,2036,1545,2597,156,1058.015,-0.0068,0.0371,-0
507,9670,6316,0.9197,0.0651,0.0074,0.1119,37387,7418,2556,2082,1642,2633,2864,1984,2313,2633,1994,748,780,692,1490,1480,589,1232,1165,2828,2234,3512,1833,1385,2356,893,658,1170,102,1301.735,0.3324,0.0359,0.7
