date,mean,se,projected,shift_pres16,shift_sen18,shift_gov18,shift_pres20,shift_sen20,shift_gov22,shift_pres24,shift_sen24
2025-09-24,0.4953209844541675,0.00797747589041697,FALSE,0.0424285587652386,0.008300555134862608,0.06297545950281086,0.023648576840501034,0.04483424619594678,0.0505224022952257,0.06470976591340838,0.03884821358841162
2025-09-25,0.4953293510429089,0.007946899193711627,FALSE,0.042436925353980026,0.008308921723604035,0.06298382609155229,0.02365694342924246,0.04484261278468821,0.050530768883967125,0.0647181325021498,0.038856580177153044
2025-09-26,0.49533771763165035,0.007915804719439248,FALSE,0.04244529194272145,0.008317288312345461,0.06299219268029371,0.023665310017983887,0.044850979373429634,0.05053913547270855,0.06472649909089123,0.03886494676589447
2025-09-27,0.4953460842203918,0.007884186341407123,FALSE,0.04245365853146288,0.008325654901086887,0.06300055926903514,0.023673676606725313,0.04485934596217106,0.05054750206144998,0.06473486567963266,0.0388733133546359
2025-09-28,0.4953544508091332,0.007852037730692351,FALSE,0.042462025120204305,0.008334021489828314,0.06300892585777657,0.02368204319546674,0.044867712550912486,0.050555868650191405,0.06474323226837408,0.03888167994337732
2025-09-29,0.49536281739787463,0.00781935234727619,FALSE,0.04247039170894573,0.00834238807856974,0.06301729244651799,0.023690409784208166,0.04487607913965391,0.05056423523893283,0.06475159885711551,0.03889004653211875
2025-09-30,0.49537118398661606,0.007786123431203923,FALSE,0.04247875829768716,0.008350754667311167,0.06302565903525942,0.023698776372949593,0.04488444572839534,0.05057260182767426,0.06475996544585694,0.038898413120860176
2025-10-01,0.4953795505753575,0.007752343993237373,FALSE,0.042487124886428584,0.008359121256052593,0.06303402562400084,0.02370714296169102,0.044892812317136765,0.050580968416415684,0.06476833203459836,0.0389067797096016
2025-10-02,0.49544185389721845,0.007755445277739862,FALSE,0.04254942820828955,0.008421424577913561,0.06309632894586181,0.023769446283551987,0.044955115638997734,0.05064327173827665,0.06483063535645933,0.03896908303146257
2025-10-03,0.4955041572190794,0.007757989491470577,FALSE,0.04261173153015052,0.008483727899774529,0.06315863226772278,0.023831749605412955,0.0450174189608587,0.05070557506013762,0.0648929386783203,0.03903138635332354
2025-10-04,0.4955664605409404,0.007759977182359153,FALSE,0.04267403485201149,0.008546031221635497,0.06322093558958375,0.023894052927273923,0.04507972228271967,0.05076787838199859,0.06495524200018127,0.039093689675184506
2025-10-05,0.49562876386280136,0.0077614087779808326,FALSE,0.04273633817387246,0.008608334543496465,0.06328323891144472,0.02395635624913489,0.04514202560458064,0.050830181703859556,0.06501754532204224,0.039155992997045475
2025-10-06,0.4956910671846623,0.00776228458601703,FALSE,0.042798641495733425,0.008670637865357433,0.063345542233305685,0.02401865957099586,0.045204328926441606,0.050892485025720524,0.0650798486439032,0.03921829631890644
2025-10-07,0.4957533705065233,0.007762604794586264,FALSE,0.04286094481759439,0.008732941187218402,0.06340784555516665,0.024080962892856828,0.045266632248302574,0.05095478834758149,0.06514215196576417,0.03928059964076741
2025-10-08,0.49581567382838426,0.007762369472446293,FALSE,0.04292324813945536,0.00879524450907937,0.06347014887702762,0.024143266214717796,0.04532893557016354,0.05101709166944246,0.06520445528762514,0.03934290296262838
2025-10-09,0.49587797715024523,0.007761578569067961,FALSE,0.04298555146131633,0.008857547830940338,0.06353245219888859,0.024205569536578764,0.04539123889202451,0.05107939499130343,0.06526675860948611,0.03940520628448935
2025-10-10,0.4959402804721062,0.0077602319145809295,FALSE,0.0430478547831773,0.008919851152801306,0.06359475552074956,0.024267872858439732,0.04545354221388548,0.051141698313164397,0.06532906193134708,0.039467509606350315
2025-10-11,0.49600258379396717,0.007758329219591173,FALSE,0.043110158105038265,0.008982154474662274,0.06365705884261053,0.0243301761803007,0.045515845535746446,0.051204001635025365,0.06539136525320804,0.03952981292821128
2025-10-12,0.49606488711582813,0.007755870074869767,FALSE,0.043172461426899233,0.009044457796523242,0.0637193621644715,0.024392479502161668,0.045578148857607415,0.05126630495688633,0.06545366857506901,0.03959211625007225
2025-10-13,0.4961271904376891,0.007752853950912204,FALSE,0.0432347647487602,0.00910676111838421,0.06378166548633246,0.024454782824022636,0.04564045217946838,0.0513286082787473,0.06551597189692998,0.03965441957193322
2025-10-14,0.49618949375955007,0.007749280197367109,FALSE,0.04329706807062117,0.009169064440245178,0.06384396880819343,0.024517086145883604,0.04570275550132935,0.05139091160060827,0.06557827521879095,0.03971672289379419
2025-10-15,0.49625179708141104,0.0077451480423329205,FALSE,0.04335937139248214,0.009231367762106146,0.0639062721300544,0.024579389467744572,0.04576505882319032,0.05145321492246924,0.06564057854065192,0.039779026215655156
2025-10-16,0.496314100403272,0.0077404565915207705,FALSE,0.043421674714343106,0.009293671083967114,0.06396857545191537,0.02464169278960554,0.04582736214505129,0.051515518244330205,0.06570288186251289,0.039841329537516124
2025-10-17,0.496376403725133,0.0077352048272814125,FALSE,0.043483978036204074,0.009355974405828082,0.06403087877377633,0.02470399611146651,0.045889665466912255,0.05157782156619117,0.06576518518437385,0.03990363285937709
2025-10-18,0.49643870704699394,0.007729391607493723,FALSE,0.04354628135806504,0.00941827772768905,0.0640931820956373,0.024766299433327477,0.04595196878877322,0.05164012488805214,0.06582748850623482,0.03996593618123806
2025-10-19,0.4965010103688549,0.007723015664311938,FALSE,0.04360858467992601,0.009480581049550019,0.06415548541749827,0.024828602755188445,0.04601427211063419,0.05170242820991311,0.06588979182809579,0.04002823950309903
2025-10-20,0.4965633136907159,0.0077160756027683615,FALSE,0.04367088800178698,0.009542884371410987,0.06421778873935924,0.024890906077049413,0.04607657543249516,0.05176473153177408,0.06595209514995676,0.040090542824959996
2025-10-21,0.49662561701257685,0.007708569899227946,FALSE,0.043733191323647946,0.009605187693271955,0.0642800920612202,0.02495320939891038,0.04613887875435613,0.051827034853635046,0.06601439847181773,0.040152846146820964
2025-10-22,0.4966879203344378,0.007700496899690666,FALSE,0.043795494645508914,0.009667491015132923,0.06434239538308117,0.02501551272077135,0.046201182076217095,0.051889338175496014,0.0660767017936787,0.04021514946868193
2025-10-23,0.4967502236562988,0.007691854817937244,FALSE,0.04385779796736988,0.009729794336993891,0.06440469870494214,0.025077816042632317,0.046263485398078064,0.05195164149735698,0.06613900511553966,0.0402774527905429
2025-10-24,0.49681252697815975,0.007682641733513262,FALSE,0.04392010128923085,0.00979209765885486,0.06446700202680311,0.025140119364493285,0.04632578871993903,0.05201394481921795,0.06620130843740063,0.04033975611240387
2025-10-25,0.4968748303000207,0.0076728555895462635,FALSE,0.04398240461109182,0.009854400980715827,0.06452930534866408,0.025202422686354253,0.0463880920418,0.05207624814107892,0.0662636117592616,0.040402059434264836
2025-10-26,0.4969371336218817,0.007662494190389932,FALSE,0.04404470793295279,0.009916704302576795,0.06459160867052505,0.02526472600821522,0.04645039536366097,0.052138551462939886,0.06632591508112257,0.040464362756125805
2025-10-27,0.49699943694374266,0.007651555199088875,FALSE,0.044107011254813755,0.009979007624437763,0.06465391199238602,0.02532702933007619,0.046512698685521936,0.052200854784800854,0.06638821840298353,0.04052666607798677
2025-10-28,0.4970617402656036,0.007640036134657018,FALSE,0.04416931457667472,0.010041310946298732,0.06471621531424698,0.025389332651937158,0.046575002007382904,0.05226315810666182,0.0664505217248445,0.04058896939984774
2025-10-29,0.4971240435874646,0.007627934369161964,FALSE,0.04423161789853569,0.0101036142681597,0.06477851863610795,0.025451635973798126,0.04663730532924387,0.05232546142852279,0.06651282504670547,0.04065127272170871
2025-10-30,0.49718634690932556,0.007615247124607063,FALSE,0.04429392122039666,0.010165917590020668,0.06484082195796892,0.025513939295659094,0.04669960865110484,0.05238776475038376,0.06657512836856644,0.04071357604356968
2025-10-31,0.49724865023118653,0.007601971469602235,FALSE,0.04435622454225763,0.010228220911881636,0.06490312527982989,0.025576242617520062,0.04676191197296581,0.05245006807224473,0.0666374316904274,0.040775879365430645
2025-11-01,0.4973109535530475,0.007588104315813865,FALSE,0.044418527864118595,0.010290524233742604,0.06496542860169086,0.02563854593938103,0.046824215294826776,0.052512371394105695,0.06669973501228837,0.04083818268729161
2025-11-02,0.49737325687490846,0.007573642414183289,FALSE,0.044480831185979564,0.010352827555603572,0.06502773192355182,0.025700849261241998,0.046886518616687745,0.05257467471596666,0.06676203833414934,0.04090048600915258
2025-11-03,0.49743556019676943,0.007558582350902553,FALSE,0.04454313450784053,0.01041513087746454,0.06509003524541279,0.025763152583102966,0.04694882193854871,0.05263697803782763,0.06682434165601031,0.04096278933101355
2025-11-04,0.4974978635186304,0.007542920543135231,FALSE,0.0446054378297015,0.010477434199325508,0.06515233856727376,0.025825455904963934,0.04701112526040968,0.0526992813596886,0.06688664497787128,0.04102509265287452
2025-11-05,0.49756016684049137,0.007526653234469078,FALSE,0.04466774115156247,0.010539737521186476,0.06521464188913473,0.025887759226824902,0.04707342858227065,0.05276158468154957,0.06694894829973225,0.041087395974735486
2025-11-06,0.49762247016235234,0.007509776490086279,FALSE,0.044730044473423436,0.010602040843047444,0.0652769452109957,0.02595006254868587,0.04713573190413162,0.052823888003410535,0.06701125162159322,0.041149699296596454
2025-11-07,0.4976847734842133,0.007492286191635887,FALSE,0.044792347795284404,0.010664344164908413,0.06533924853285666,0.02601236587054684,0.047198035225992585,0.0528861913252715,0.06707355494345418,0.04121200261845742
2025-11-08,0.4977470768060743,0.007474178031791816,FALSE,0.04485465111714537,0.01072664748676938,0.06540155185471763,0.026074669192407807,0.04726033854785355,0.05294849464713247,0.06713585826531515,0.04127430594031839
2025-11-09,0.49780938012793524,0.007455447508478444,FALSE,0.04491695443900634,0.010788950808630349,0.0654638551765786,0.026136972514268775,0.04732264186971452,0.05301079796899344,0.06719816158717612,0.04133660926217936
2025-11-10,0.4978716834497962,0.007436089918744386,FALSE,0.04497925776086731,0.010851254130491317,0.06552615849843957,0.026199275836129743,0.04738494519157549,0.05307310129085441,0.06726046490903709,0.041398912584040326
2025-11-11,0.4979339867716572,0.007416100352263497,FALSE,0.045041561082728276,0.010913557452352285,0.06558846182030054,0.02626157915799071,0.04744724851343646,0.053135404612715376,0.06732276823089806,0.041461215905901294
2025-11-12,0.49799629009351815,0.007395473684440375,FALSE,0.045103864404589245,0.010975860774213253,0.0656507651421615,0.02632388247985168,0.047509551835297426,0.053197707934576344,0.06738507155275902,0.04152351922776226
2025-11-13,0.4980585934153791,0.00737420456909583,FALSE,0.04516616772645021,0.011038164096074221,0.06571306846402247,0.026386185801712647,0.047571855157158394,0.05326001125643731,0.06744737487461999,0.04158582254962323
2025-11-14,0.4981208967372401,0.007352287430705765,FALSE,0.04522847104831118,0.01110046741793519,0.06577537178588344,0.026448489123573615,0.04763415847901936,0.05332231457829828,0.06750967819648096,0.0416481258714842
2025-11-15,0.49818320005910105,0.007329716456164629,FALSE,0.04529077437017215,0.011162770739796157,0.06583767510774441,0.026510792445434583,0.04769646180088033,0.05338461790015925,0.06757198151834193,0.041710429193345167
2025-11-16,0.498245503380962,0.0073064855860422795,FALSE,0.04535307769203312,0.011225074061657125,0.06589997842960538,0.02657309576729555,0.0477587651227413,0.053446921222020216,0.0676342848402029,0.041772732515206135
2025-11-17,0.498307806702823,0.007282588505300366,FALSE,0.045415381013894085,0.011287377383518093,0.06596228175146635,0.02663539908915652,0.047821068444602266,0.053509224543881184,0.06769658816206386,0.0418350358370671
2025-11-18,0.4983632091947876,0.007287718687236256,FALSE,0.0454707835058587,0.011342779875482711,0.06601768424343096,0.026690801581121137,0.047876470936566884,0.0535646270358458,0.06775199065402848,0.04189043832903172
2025-11-19,0.49841861168675217,0.0072921775050642694,FALSE,0.045526185997823265,0.011398182367447274,0.06607308673539553,0.0267462040730857,0.047931873428531446,0.053620029527810364,0.06780739314599304,0.04194584082099628
2025-11-20,0.4984740141787168,0.0072959661896661405,FALSE,0.04558158848978788,0.011453584859411892,0.06612848922736014,0.026801606565050318,0.047987275920496064,0.05367543201977498,0.06786279563795766,0.0420012433129609
2025-11-21,0.4985294166706814,0.007299085784565821,FALSE,0.0456369909817525,0.01150898735137651,0.06618389171932476,0.026857009057014936,0.04804267841246068,0.0537308345117396,0.06791819812992228,0.04205664580492552
2025-11-22,0.49858481916264596,0.007301537147372704,FALSE,0.04569239347371706,0.011564389843341072,0.06623929421128932,0.026912411548979498,0.048098080904425244,0.05378623700370416,0.06797360062188684,0.04211204829689008
2025-11-23,0.4986402216546105,0.007303320950963985,FALSE,0.045747795965681626,0.011619792335305634,0.06629469670325389,0.02696781404094406,0.04815348339638981,0.053841639495668725,0.0680290031138514,0.042167450788854643
2025-11-24,0.4986956241465751,0.0073044376844099874,FALSE,0.04580319845764619,0.011675194827270197,0.06635009919521845,0.027023216532908623,0.04820888588835437,0.05389704198763329,0.06808440560581597,0.042222853280819206
2025-11-25,0.4987510266385397,0.00730488765364542,FALSE,0.045858600949610806,0.011730597319234815,0.06640550168718307,0.02707861902487324,0.04826428838031899,0.053952444479597905,0.06813980809778059,0.042278255772783824
2025-11-26,0.4988064291305043,0.007304670981888721,FALSE,0.045914003441575424,0.011785999811199432,0.06646090417914768,0.02713402151683786,0.048319690872283605,0.05400784697156252,0.0681952105897452,0.04233365826474844
2025-11-27,0.49886183162246894,0.007303787609810834,FALSE,0.04596940593354004,0.01184140230316405,0.0665163066711123,0.027189424008802476,0.04837509336424822,0.05406324946352714,0.06825061308170982,0.04238906075671306
2025-11-28,0.49891723411443356,0.0073022372954539535,FALSE,0.04602480842550466,0.011896804795128668,0.06657170916307692,0.027244826500767094,0.04843049585621284,0.05411865195549176,0.06830601557367444,0.04244446324867768
2025-11-29,0.4989726366063982,0.007300019613899977,FALSE,0.04608021091746928,0.011952207287093286,0.06662711165504154,0.027300228992731712,0.04848589834817746,0.05417405444745638,0.06836141806563906,0.042499865740642295
2025-11-30,0.4990280390983628,0.00729713395668761,FALSE,0.046135613409433895,0.012007609779057904,0.06668251414700616,0.02735563148469633,0.048541300840142076,0.054229456939420995,0.06841682055760367,0.04255526823260691
2025-12-01,0.4990834415903274,0.007293579530976244,FALSE,0.04619101590139851,0.012063012271022522,0.06673791663897077,0.027411033976660948,0.048596703332106694,0.05428485943138561,0.06847222304956829,0.04261067072457153
2025-12-02,0.49913884408229203,0.0072893553584539444,FALSE,0.04624641839336313,0.01211841476298714,0.06679331913093539,0.027466436468625566,0.04865210582407131,0.05434026192335023,0.06852762554153291,0.04266607321653615
2025-12-03,0.49919424657425665,0.007284460273985993,FALSE,0.04630182088532775,0.012173817254951758,0.06684872162290001,0.027521838960590184,0.04870750831603593,0.05439566441531485,0.06858302803349753,0.04272147570850077
2025-12-04,0.49924964906622127,0.007278892923999656,FALSE,0.04635722337729237,0.012229219746916375,0.06690412411486463,0.0275772414525548,0.04876291080800055,0.054451066907279466,0.06863843052546215,0.042776878200465385
2025-12-05,0.4993050515581859,0.007272651764599876,FALSE,0.046412625869256985,0.012284622238880993,0.06695952660682924,0.02763264394451942,0.048818313299965166,0.054506469399244084,0.06869383301742676,0.04283228069243
2025-12-06,0.4993604540501505,0.00726573505940978,FALSE,0.0464680283612216,0.012340024730845611,0.06701492909879386,0.027688046436484037,0.048873715791929784,0.0545618718912087,0.06874923550939138,0.04288768318439462
2025-12-07,0.4994158565421151,0.007258140877128829,FALSE,0.04652343085318622,0.012395427222810229,0.06707033159075848,0.027743448928448655,0.0489291182838944,0.05461727438317332,0.068804638001356,0.04294308567635924
2025-12-08,0.49947125903407974,0.007249867088800578,FALSE,0.04657883334515084,0.012450829714774847,0.0671257340827231,0.027798851420413273,0.04898452077585902,0.05467267687513794,0.06886004049332062,0.042998488168323856
2025-12-09,0.49952666152604436,0.007240911364780842,FALSE,0.046634235837115456,0.012506232206739465,0.06718113657468772,0.02785425391237789,0.04903992326782364,0.054728079367102556,0.06891544298528524,0.043053890660288474
2025-12-10,0.499582064018009,0.007231271171396094,FALSE,0.046689638329080074,0.012561634698704083,0.06723653906665233,0.02790965640434251,0.049095325759788255,0.054783481859067173,0.06897084547724985,0.04310929315225309
2025-12-11,0.4996374665099736,0.007220943767280661,FALSE,0.04674504082104469,0.0126170371906687,0.06729194155861695,0.027965058896307127,0.04915072825175287,0.05483888435103179,0.06902624796921447,0.04316469564421771
2025-12-12,0.4996928690019382,0.007209926199380123,FALSE,0.04680044331300931,0.012672439682633319,0.06734734405058157,0.028020461388271745,0.04920613074371749,0.05489428684299641,0.06908165046117909,0.04322009813618233
2025-12-13,0.49974827149390283,0.0071982152986069855,FALSE,0.04685584580497393,0.012727842174597936,0.06740274654254619,0.028075863880236362,0.04926153323568211,0.05494968933496103,0.06913705295314371,0.043275500628146946
2025-12-14,0.49980367398586745,0.007185807675133305,FALSE,0.046911248296938546,0.012783244666562554,0.0674581490345108,0.02813126637220098,0.04931693572764673,0.055005091826925645,0.06919245544510833,0.043330903120111564
2025-12-15,0.49985907647783206,0.007172699713303427,FALSE,0.046966650788903164,0.012838647158527172,0.06751355152647542,0.028186668864165598,0.049372338219611345,0.05506049431889026,0.06924785793707294,0.04338630561207618
2025-12-16,0.4999144789697967,0.007158887566148437,FALSE,0.04702205328086778,0.01289404965049179,0.06756895401844004,0.028242071356130216,0.04942774071157596,0.05511589681085488,0.06930326042903756,0.0434417081040408
2025-12-17,0.4999698814617613,0.007144367149482144,FALSE,0.0470774557728324,0.012949452142456408,0.06762435651040466,0.028297473848094834,0.04948314320354058,0.0551712993028195,0.06935866292100218,0.04349711059600542
2025-12-18,0.5000252839537259,0.007129134135556563,FALSE,0.04713285826479702,0.013004854634421026,0.06767975900236928,0.028352876340059452,0.0495385456955052,0.05522670179478412,0.0694140654129668,0.043552513087970035
2025-12-19,0.5000806864456905,0.007113183946252854,FALSE,0.04718826075676158,0.013060257126385588,0.06773516149433384,0.028408278832024014,0.04959394818746976,0.05528210428674868,0.06946946790493136,0.0436079155799346
2025-12-20,0.500136088937655,0.007096511745781452,FALSE,0.04724366324872614,0.01311565961835015,0.0677905639862984,0.028463681323988577,0.04964935067943432,0.05533750677871324,0.06952487039689592,0.04366331807189916
2025-12-21,0.5001914914296196,0.007079112432862767,FALSE,0.047299065740690704,0.013171062110314713,0.06784596647826296,0.02851908381595314,0.049704753171398885,0.055392909270677804,0.06958027288886048,0.04371872056386372
2025-12-22,0.5002468939215842,0.007060980632357206,FALSE,0.04735446823265527,0.013226464602279275,0.06790136897022753,0.0285744863079177,0.04976015566336345,0.055448311762642366,0.06963567538082505,0.043774123055828285
2025-12-23,0.5003022964135487,0.007042110686310477,FALSE,0.04740987072461983,0.013281867094243838,0.06795677146219209,0.028629888799882264,0.04981555815532801,0.05550371425460693,0.06969107787278961,0.04382952554779285
2025-12-24,0.5003576989055133,0.007022496644376996,FALSE,0.04746527321658439,0.0133372695862084,0.06801217395415665,0.028685291291846826,0.04987096064729257,0.05555911674657149,0.06974648036475417,0.04388492803975741
2025-12-25,0.5004131013974779,0.007002132253580862,FALSE,0.047520675708548954,0.013392672078172962,0.06806757644612121,0.02874069378381139,0.049926363139257135,0.05561451923853605,0.06980188285671873,0.04394033053172197
2025-12-26,0.5004685038894424,0.006981010947370154,FALSE,0.047576078200513516,0.013448074570137525,0.06812297893808578,0.02879609627577595,0.0499817656312217,0.055669921730500616,0.0698572853486833,0.043995733023686534
2025-12-27,0.500523906381407,0.006959125833916192,FALSE,0.04763148069247808,0.013503477062102087,0.06817838143005034,0.028851498767740513,0.05003716812318626,0.05572532422246518,0.06991268784064786,0.044051135515651096
2025-12-28,0.5005793088733715,0.006936469683604971,FALSE,0.04768688318444264,0.01355887955406665,0.0682337839220149,0.028906901259705076,0.05009257061515082,0.05578072671442974,0.06996809033261242,0.04410653800761566
2025-12-29,0.5006347113653361,0.006913034915662964,FALSE,0.0477422856764072,0.013614282046031212,0.06828918641397946,0.028962303751669638,0.050147973107115384,0.0558361292063943,0.07002349282457698,0.04416194049958022
2025-12-30,0.5006901138573007,0.006888813583854111,FALSE,0.047797688168371766,0.013669684537995774,0.06834458890594403,0.0290177062436342,0.05020337559907995,0.055891531698358865,0.07007889531654155,0.044217342991544784
2025-12-31,0.5007455163492652,0.006863797361178715,FALSE,0.04785309066033633,0.013725087029960337,0.06839999139790859,0.029073108735598763,0.05025877809104451,0.05594693419032343,0.07013429780850611,0.044272745483509346
2026-01-01,0.5008009188412298,0.0068379775234983144,FALSE,0.04790849315230089,0.013780489521924899,0.06845539388987315,0.029128511227563325,0.05031418058300907,0.05600233668228799,0.07018970030047067,0.04432814797547391
2026-01-02,0.5008563213331944,0.006811344932003201,FALSE,0.04796389564426545,0.013835892013889461,0.06851079638183771,0.029183913719527887,0.050369583074973634,0.05605773917425255,0.07024510279243523,0.04438355046743847
2026-01-03,0.5009117238251589,0.006783890014430992,FALSE,0.048019298136230015,0.013891294505854024,0.06856619887380228,0.02923931621149245,0.050424985566938196,0.056113141666217115,0.0703005052843998,0.04443895295940303
2026-01-04,0.5009671263171235,0.006755602744935543,FALSE,0.04807470062819458,0.013946696997818586,0.06862160136576684,0.029294718703457012,0.05048038805890276,0.05616854415818168,0.07035590777636436,0.044494355451367595
2026-01-05,0.501022528809088,0.006726472622495244,FALSE,0.04813010312015914,0.014002099489783149,0.0686770038577314,0.029350121195421575,0.05053579055086732,0.05622394665014624,0.07041131026832892,0.04454975794333216
2026-01-06,0.5010779313010526,0.0066964886477383625,FALSE,0.0481855056121237,0.014057501981747711,0.06873240634969596,0.029405523687386137,0.050591193042831883,0.0562793491421108,0.07046671276029348,0.04460516043529672
2026-01-07,0.5011333337930172,0.00666563929805032,FALSE,0.048240908104088265,0.014112904473712273,0.06878780884166052,0.0294609261793507,0.050646595534796446,0.056334751634075364,0.07052211525225804,0.04466056292726128
2026-01-08,0.5011887362849817,0.006633912500813533,FALSE,0.04829631059605283,0.014168306965676836,0.06884321133362509,0.02951632867131526,0.05070199802676101,0.056390154126039926,0.0705775177442226,0.044715965419225845
2026-01-09,0.5012441387769463,0.006601295604614343,FALSE,0.04835171308801739,0.014223709457641398,0.06889861382558965,0.029571731163279824,0.05075740051872557,0.05644555661800449,0.07063292023618717,0.04477136791119041
2026-01-10,0.5012995412689109,0.006567775348233564,FALSE,0.04840711557998195,0.01427911194960596,0.06895401631755421,0.029627133655244386,0.05081280301069013,0.05650095910996905,0.07068832272815173,0.04482677040315497
2026-01-11,0.5013549437608754,0.006533337827216779,FALSE,0.048462518071946514,0.014334514441570523,0.06900941880951877,0.02968253614720895,0.050868205502654695,0.056556361601933614,0.0707437252201163,0.04488217289511953
2026-01-12,0.50141034625284,0.00649796845779757,FALSE,0.04851792056391108,0.014389916933535085,0.06906482130148334,0.02973793863917351,0.05092360799461926,0.056611764093898176,0.07079912771208086,0.044937575387084094
2026-01-13,0.5014724491802314,0.006492525499153325,FALSE,0.04858002349130247,0.01445201986092648,0.06912692422887473,0.029800041566564905,0.05098571092201065,0.05667386702128957,0.07086123063947225,0.04499967831447549
2026-01-14,0.5015345521076228,0.0064861330339321815,FALSE,0.048642126418693865,0.014514122788317874,0.06918902715626613,0.0298621444939563,0.051047813849402046,0.056735969948680964,0.07092333356686364,0.04506178124186688
2026-01-15,0.5015966550350142,0.006478788251568541,FALSE,0.04870422934608526,0.014576225715709268,0.06925113008365752,0.029924247421347694,0.05110991677679344,0.05679807287607236,0.07098543649425504,0.04512388416925828
2026-01-16,0.5016587579624056,0.0064704879090795725,FALSE,0.048766332273476654,0.014638328643100662,0.06931323301104891,0.029986350348739088,0.051172019704184835,0.05686017580346375,0.07104753942164643,0.04518598709664967
2026-01-17,0.501720860889797,0.006461228323818425,FALSE,0.04882843520086805,0.014700431570492056,0.06937533593844031,0.030048453276130482,0.05123412263157623,0.05692227873085515,0.07110964234903783,0.045248090024041066
2026-01-18,0.5017829638171883,0.006451005365178989,FALSE,0.04889053812825944,0.01476253449788345,0.0694374388658317,0.030110556203521877,0.05129622555896762,0.05698438165824654,0.07117174527642922,0.04531019295143246
2026-01-19,0.5018450667445797,0.006439814445207941,FALSE,0.048952641055650836,0.014824637425274845,0.0694995417932231,0.03017265913091327,0.05135832848635902,0.057046484585637935,0.07123384820382062,0.045372295878823854
2026-01-20,0.5019071696719711,0.006427650508073363,FALSE,0.04901474398304223,0.014886740352666239,0.06956164472061449,0.030234762058304665,0.05142043141375041,0.05710858751302933,0.07129595113121201,0.04543439880621525
2026-01-21,0.5019692725993625,0.0064145080183322534,FALSE,0.049076846910433625,0.014948843280057633,0.06962374764800588,0.03029686498569606,0.051482534341141806,0.057170690440420724,0.0713580540586034,0.04549650173360664
2026-01-22,0.5020313755267539,0.006400380947931764,FALSE,0.04913894983782502,0.015010946207449027,0.06968585057539728,0.030358967913087453,0.0515446372685332,0.05723279336781212,0.0714201569859948,0.04555860466099804
2026-01-23,0.5020934784541453,0.006385262761870741,FALSE,0.04920105276521641,0.015073049134840422,0.06974795350278867,0.030421070840478848,0.051606740195924594,0.05729489629520351,0.07148225991338619,0.04562070758838943
2026-01-24,0.5021555813815367,0.006369146402439227,FALSE,0.04926315569260781,0.015135152062231816,0.06981005643018007,0.030483173767870242,0.05166884312331599,0.05735699922259491,0.07154436284077759,0.045682810515780825
2026-01-25,0.5022176843089281,0.006352024271943713,FALSE,0.0493252586199992,0.01519725498962321,0.06987215935757146,0.030545276695261636,0.05173094605070738,0.0574191021499863,0.07160646576816898,0.04574491344317222
2026-01-26,0.5022797872363195,0.006333888213815088,FALSE,0.049387361547390596,0.015259357917014604,0.06993426228496286,0.03060737962265303,0.05179304897809878,0.057481205077377695,0.07166856869556038,0.045807016370563614
2026-01-27,0.5023418901637109,0.006314729491984233,FALSE,0.04944946447478199,0.015321460844405999,0.06999636521235425,0.030669482550044425,0.05185515190549017,0.05754330800476909,0.07173067162295177,0.04586911929795501
2026-01-28,0.5024039930911023,0.0062945387683968805,FALSE,0.049511567402173384,0.015383563771797393,0.07005846813974564,0.03073158547743582,0.051917254832881565,0.057605410932160483,0.07179277455034316,0.0459312222253464
2026-01-29,0.5024660960184937,0.006273306078524571,FALSE,0.04957367032956478,0.015445666699188787,0.07012057106713704,0.030793688404827213,0.05197935776027296,0.05766751385955188,0.07185487747773456,0.045993325152737796
2026-01-30,0.5025281989458851,0.006251020804711935,FALSE,0.04963577325695617,0.015507769626580181,0.07018267399452843,0.030855791332218607,0.052041460687664354,0.05772961678694327,0.07191698040512595,0.04605542808012919
2026-01-31,0.5025903018732765,0.006227671647182091,FALSE,0.04969787618434757,0.015569872553971575,0.07024477692191983,0.03091789425961,0.05210356361505575,0.057791719714334666,0.07197908333251735,0.046117531007520585
2026-02-01,0.5027363703552508,0.006241414564431247,FALSE,0.04984394466632186,0.01571594103594587,0.07039084540389412,0.031063962741584294,0.05224963209703004,0.05793778819630896,0.07212515181449164,0.04626359948949488
2026-02-02,0.502882438837225,0.006254088687261404,FALSE,0.04999001314829615,0.01586200951792016,0.07053691388586841,0.031210031223558587,0.052395700579004334,0.05808385667828325,0.07227122029646593,0.04640966797146917
2026-02-03,0.5030285073191993,0.0062657005014783,FALSE,0.050136081630270446,0.016008077999894454,0.0706829823678427,0.03135609970553288,0.05254176906097863,0.058229925160257545,0.07241728877844023,0.046555736453443464
2026-02-04,0.5031745758011738,0.006276255903273665,FALSE,0.05028215011224485,0.01615414648186886,0.07082905084981711,0.031502168187507285,0.05268783754295303,0.05837599364223195,0.07256335726041463,0.04670180493541787
2026-02-05,0.5033206442831482,0.006285760214611069,FALSE,0.050428218594219254,0.016300214963843263,0.07097511933179151,0.03164823666948169,0.052833906024927435,0.05852206212420635,0.07270942574238903,0.04684787341739227
2026-02-06,0.5034667127651224,0.00629421819695306,FALSE,0.05057428707619355,0.016446283445817556,0.07112118781376581,0.03179430515145598,0.05297997450690173,0.058668130606180646,0.07285549422436333,0.046993941899366565
2026-02-07,0.5036127812470967,0.006301634063414063,FALSE,0.05072035555816784,0.01659235192779185,0.0712672562957401,0.031940373633430275,0.05312604298887602,0.05881419908815494,0.07300156270633762,0.04714001038134086
2026-02-08,0.5037588497290711,0.006308011489412777,FALSE,0.050866424040142244,0.016738420409766253,0.0714133247777145,0.03208644211540468,0.053272111470850425,0.05896026757012934,0.07314763118831202,0.04728607886331526
2026-02-09,0.5039049182110455,0.00631335362188786,FALSE,0.05101249252211665,0.016884488891740657,0.07155939325968891,0.03223251059737908,0.05341817995282483,0.05910633605210375,0.07329369967028643,0.047432147345289666
2026-02-10,0.5040509866930198,0.006317663087131448,FALSE,0.05115856100409094,0.01703055737371495,0.0717054617416632,0.032378579079353376,0.05356424843479912,0.05925240453407804,0.07343976815226072,0.04757821582726396
2026-02-11,0.5041970551749942,0.006320941997286459,FALSE,0.051304629486065345,0.017176625855689354,0.0718515302236376,0.03252464756132778,0.053710316916773526,0.059398473016052444,0.07358583663423512,0.04772428430923836
2026-02-12,0.5043431236569687,0.0063231919555453925,FALSE,0.05145069796803975,0.017322694337663758,0.07199759870561201,0.032670716043302184,0.05385638539874793,0.05954454149802685,0.07373190511620953,0.04787035279121277
2026-02-13,0.5044891921389429,0.006324414060080662,FALSE,0.05159676645001404,0.01746876281963805,0.0721436671875863,0.03281678452527648,0.05400245388072222,0.05969060998000114,0.07387797359818382,0.04801642127318706
2026-02-14,0.5046352606209172,0.0063246089067289955,FALSE,0.051742834931988335,0.017614831301612344,0.0722897356695606,0.03296285300725077,0.054148522362696516,0.059836678461975434,0.07402404208015811,0.04816248975516135
2026-02-15,0.5047813291028915,0.006323776590445244,FALSE,0.05188890341396263,0.017760899783586637,0.07243580415153489,0.03310892148922506,0.05429459084467081,0.05998274694394973,0.07417011056213241,0.048308558237135646
2026-02-16,0.5049273975848659,0.006321916705533897,FALSE,0.05203497189593703,0.01790696826556104,0.07258187263350929,0.03325498997119947,0.05444065932664521,0.06012881542592413,0.07431617904410681,0.04845462671911005
2026-02-17,0.5050734660668403,0.006319028344659615,FALSE,0.052181040377911436,0.018053036747535445,0.0727279411154837,0.03340105845317387,0.05458672780861962,0.060274883907898535,0.07446224752608122,0.048600695201084454
2026-02-18,0.5052195345488146,0.006315110096631132,FALSE,0.05232710885988573,0.018199105229509738,0.07287400959745799,0.033547126935148164,0.05473279629059391,0.06042095238987283,0.07460831600805551,0.04874676368305875
2026-02-19,0.5053656030307889,0.006310160042945905,FALSE,0.05247317734186002,0.01834517371148403,0.07302007807943228,0.03369319541712246,0.0548788647725682,0.06056702087184712,0.0747543844900298,0.04889283216503304
2026-02-20,0.5055116715127632,0.006304175753075689,FALSE,0.052619245823834315,0.018491242193458324,0.07316614656140658,0.03383926389909675,0.055024933254542496,0.060713089353821414,0.0749004529720041,0.04903890064700733
2026-02-21,0.5056577399947375,0.006297154278465914,FALSE,0.05276531430580861,0.018637310675432617,0.07331221504338087,0.03398533238107104,0.05517100173651679,0.06085915783579571,0.07504652145397839,0.049184969128981626
2026-02-22,0.5058038084767119,0.006289092145214082,FALSE,0.05291138278778301,0.01878337915740702,0.07345828352535527,0.03413140086304545,0.05531707021849119,0.06100522631777011,0.07519258993595279,0.04933103761095603
2026-02-23,0.5059498769586862,0.006279985345384425,FALSE,0.053057451269757305,0.018929447639381314,0.07360435200732957,0.03427746934501974,0.055463138700465486,0.061151294799744405,0.07533865841792708,0.04947710609293032
2026-02-24,0.5060959454406605,0.006269829326907597,FALSE,0.0532035197517316,0.019075516121355607,0.07375042048930386,0.03442353782699403,0.05560920718243978,0.0612973632817187,0.07548472689990138,0.049623174574904616
2026-02-25,0.5062420139226348,0.006258618982005196,FALSE,0.05334958823370589,0.0192215846033299,0.07389648897127815,0.034569606308968326,0.05575527566441407,0.06144343176369299,0.07563079538187567,0.04976924305687891
2026-02-26,0.5063880824046091,0.0062463486340692456,FALSE,0.053495656715680184,0.019367653085304193,0.07404255745325244,0.03471567479094262,0.055901344146388365,0.061589500245667284,0.07577686386384996,0.0499153115388532
2026-02-27,0.5065341508865834,0.006233012022916325,FALSE,0.05364172519765448,0.019513721567278486,0.07418862593522674,0.03486174327291691,0.05604741262836266,0.06173556872764158,0.07592293234582426,0.050061380020827495
2026-02-28,0.5066802193685577,0.006218602288324761,FALSE,0.05378779367962877,0.01965979004925278,0.07433469441720103,0.035007811754891205,0.05619348111033695,0.06188163720961587,0.07606900082779855,0.05020744850280179
2026-03-01,0.506826287850532,0.006203111951750848,FALSE,0.05393386216160306,0.019805858531227072,0.07448076289917532,0.0351538802368655,0.056339549592311244,0.06202770569159016,0.07621506930977284,0.05035351698477608
2026-03-02,0.5069723563325063,0.00618653289610653,FALSE,0.054079930643577356,0.019951927013201365,0.07462683138114962,0.03529994871883979,0.05648561807428554,0.062173774173564456,0.07636113779174714,0.050499585466750374
2026-03-03,0.5071184248144806,0.006168856343465947,FALSE,0.05422599912555165,0.020097995495175658,0.07477289986312391,0.035446017200814084,0.05663168655625983,0.06231984265553875,0.07650720627372143,0.05064565394872467
2026-03-04,0.5072644932964548,0.006150072830551653,FALSE,0.05437206760752594,0.02024406397714995,0.0749189683450982,0.03559208568278838,0.05677775503823412,0.06246591113751304,0.07665327475569572,0.05079172243069896
2026-03-05,0.5074105617784291,0.0061301721818328185,FALSE,0.054518136089500235,0.020390132459124244,0.0750650368270725,0.03573815416476267,0.056923823520208416,0.06261197961948733,0.07679934323767001,0.05093779091267325
2026-03-06,0.5075485013914799,0.006123551089696169,FALSE,0.05465607570255099,0.020528072072174997,0.07520297644012325,0.03587609377781342,0.05706176313325917,0.06274991923253809,0.07693728285072077,0.051075730525724006
2026-03-07,0.5076864410045306,0.006115798292239838,FALSE,0.05479401531560174,0.02066601168522575,0.075340916053174,0.036014033390864175,0.05719970274630992,0.06288785884558884,0.07707522246377152,0.05121367013877476
2026-03-08,0.5078243806175814,0.006106909479323453,FALSE,0.05493195492865249,0.020803951298276502,0.07547885566622475,0.03615197300391493,0.057337642359360674,0.06302579845863959,0.07721316207682227,0.05135160975182551
2026-03-09,0.5079623202306321,0.006096879682262063,FALSE,0.055069894541703246,0.020941890911327254,0.0756167952792755,0.03628991261696568,0.05747558197241143,0.06316373807169035,0.07735110168987303,0.051489549364876264
2026-03-10,0.5081002598436829,0.006085703259718768,FALSE,0.055207834154754,0.021079830524378007,0.07575473489232626,0.03642785223001643,0.05761352158546218,0.0633016776847411,0.07748904130292378,0.051627488977927016
2026-03-11,0.5082381994567337,0.0060733738815229935,FALSE,0.05534577376780475,0.02121777013742876,0.07589267450537701,0.036565791843067186,0.05775146119851293,0.06343961729779185,0.07762698091597453,0.05176542859097777
2026-03-12,0.5083761390697844,0.0060598845103039785,FALSE,0.055483713380855504,0.021355709750479512,0.07603061411842776,0.03670373145611794,0.057889400811563685,0.0635775569108426,0.07776492052902528,0.05190336820402852
2026-03-13,0.5085140786828352,0.006045227380812145,FALSE,0.055621652993906257,0.021493649363530265,0.07616855373147852,0.03684167106916869,0.05802734042461444,0.06371549652389336,0.07790286014207604,0.052041307817079274
2026-03-14,0.5086520182958859,0.006029393976782577,FALSE,0.05575959260695701,0.021631588976581018,0.07630649334452927,0.036979610682219444,0.05816528003766519,0.06385343613694411,0.07804079975512679,0.05217924743013003
2026-03-15,0.5087899579089367,0.006012375005174373,FALSE,0.05589753222000776,0.02176952858963177,0.07644443295758002,0.037117550295270196,0.05830321965071594,0.06399137574999486,0.07817873936817754,0.05231718704318078
2026-03-16,0.5089278975219874,0.005994160367597068,FALSE,0.056035471833058514,0.021907468202682523,0.07658237257063077,0.03725548990832095,0.058441159263766695,0.06412931536304561,0.0783166789812283,0.05245512665623153
2026-03-17,0.5090658371350382,0.005974739128710113,FALSE,0.05617341144610927,0.022045407815733276,0.07672031218368153,0.0373934295213717,0.05857909887681745,0.06426725497609637,0.07845461859427905,0.052593066269282285
2026-03-18,0.5092159588054033,0.005976033318241237,FALSE,0.05632353311647437,0.022195529486098375,0.07687043385404663,0.0375435511917368,0.05872922054718255,0.06441737664646147,0.07860474026464415,0.052743187939647385
2026-03-19,0.5093660804757684,0.005976109904442402,FALSE,0.05647365478683947,0.022345651156463475,0.07702055552441173,0.0376936728621019,0.05887934221754765,0.06456749831682657,0.07875486193500925,0.052893309610012484
2026-03-20,0.5095162021461335,0.005974968934134748,FALSE,0.05662377645720457,0.022495772826828575,0.07717067719477683,0.037843794532467,0.05902946388791275,0.06471761998719167,0.07890498360537435,0.053043431280377584
2026-03-21,0.5096663238164986,0.005972609709534986,FALSE,0.056773898127569666,0.022645894497193675,0.07732079886514193,0.0379939162028321,0.05917958555827785,0.06486774165755677,0.07905510527573945,0.053193552950742684
2026-03-22,0.5098164454868637,0.0059690307861195845,FALSE,0.056924019797934766,0.022796016167558775,0.07747092053550703,0.0381440378731972,0.05932970722864295,0.06501786332792187,0.07920522694610455,0.053343674621107784
2026-03-23,0.5099665671572288,0.005964229968194614,FALSE,0.057074141468299866,0.022946137837923875,0.07762104220587213,0.0382941595435623,0.05947982889900805,0.06516798499828697,0.07935534861646965,0.053493796291472884
2026-03-24,0.5101166888275939,0.005958204302139494,FALSE,0.057224263138664966,0.023096259508288974,0.07777116387623723,0.0384442812139274,0.05962995056937315,0.06531810666865207,0.07950547028683475,0.053643917961837984
2026-03-25,0.510266810497959,0.005950950067275977,FALSE,0.057374384809030066,0.023246381178654074,0.07792128554660233,0.0385944028842925,0.05978007223973825,0.06546822833901716,0.07965559195719984,0.05379403963220308
2026-03-26,0.5104169321683241,0.005942462764296119,FALSE,0.057524506479395165,0.023396502849019174,0.07807140721696743,0.0387445245546576,0.059930193910103347,0.06561835000938226,0.07980571362756494,0.05394416130256818
2026-03-27,0.5105670538386892,0.005932737101164632,FALSE,0.057674628149760265,0.023546624519384274,0.07822152888733253,0.0388946462250227,0.060080315580468446,0.06576847167974736,0.07995583529793004,0.05409428297293328
2026-03-28,0.5107171755090543,0.005921766976391446,FALSE,0.057824749820125365,0.023696746189749374,0.07837165055769763,0.0390447678953878,0.060230437250833546,0.06591859335011246,0.08010595696829514,0.05424440464329838
2026-03-29,0.5108672971794194,0.0059095454595493885,FALSE,0.057974871490490465,0.023846867860114473,0.07852177222806273,0.0391948895657529,0.060380558921198646,0.06606871502047756,0.08025607863866024,0.05439452631366348
2026-03-30,0.5110174188497845,0.005896064768889231,FALSE,0.058124993160855565,0.023996989530479573,0.07867189389842782,0.039345011236118,0.060530680591563746,0.06621883669084266,0.08040620030902534,0.05454464798402858
2026-03-31,0.5111675405201496,0.005881316245879691,FALSE,0.058275114831220665,0.024147111200844673,0.07882201556879292,0.0394951329064831,0.060680802261928846,0.06636895836120776,0.08055632197939044,0.05469476965439368
2026-04-01,0.5113176621905147,0.005865290326472805,FALSE,0.058425236501585764,0.024297232871209773,0.07897213723915802,0.0396452545768482,0.060830923932293945,0.06651908003157286,0.08070644364975554,0.05484489132475878
2026-04-02,0.5114677838608798,0.005847976508865102,FALSE,0.058575358171950864,0.024447354541574873,0.07912225890952312,0.0397953762472133,0.060981045602659045,0.06666920170193796,0.08085656532012064,0.05499501299512388
2026-04-03,0.5116179055312449,0.0058293633174915606,FALSE,0.058725479842315964,0.024597476211939973,0.07927238057988822,0.0399454979175784,0.061131167273024145,0.06681932337230306,0.08100668699048574,0.05514513466548898
2026-04-04,0.51176802720161,0.005809438262951925,FALSE,0.058875601512681064,0.024747597882305072,0.07942250225025332,0.0400956195879435,0.061281288943389245,0.06696944504266816,0.08115680866085084,0.05529525633585408
2026-04-05,0.5119181488719751,0.005788187797526881,FALSE,0.059025723183046164,0.024897719552670172,0.07957262392061842,0.0402457412583086,0.061431410613754345,0.06711956671303326,0.08130693033121594,0.05544537800621918
2026-04-06,0.5120682705423402,0.005765597265893952,FALSE,0.059175844853411264,0.025047841223035272,0.07972274559098352,0.0403958629286737,0.061581532284119445,0.06726968838339836,0.08145705200158104,0.05559549967658428
2026-04-07,0.5122183922127053,0.005741650850598987,FALSE,0.05932596652377636,0.025197962893400372,0.07987286726134862,0.0405459845990388,0.061731653954484544,0.06741981005376346,0.08160717367194614,0.05574562134694938
2026-04-08,0.5123685138830704,0.005716331511777449,FALSE,0.05947608819414146,0.02534808456376547,0.08002298893171372,0.0406961062694039,0.061881775624849644,0.06756993172412856,0.08175729534231124,0.05589574301731448
2026-04-09,0.5125186355534355,0.005689620920549205,FALSE,0.05962620986450656,0.02549820623413057,0.08017311060207882,0.040846227939769,0.062031897295214744,0.06772005339449366,0.08190741701267634,0.05604586468767958
2026-04-10,0.5126687572238006,0.005661499385429448,FALSE,0.05977633153487166,0.02564832790449567,0.08032323227244392,0.0409963496101341,0.062182018965579844,0.06787017506485876,0.08205753868304144,0.05619598635804468
2026-04-11,0.5128188788941657,0.005631945771004937,FALSE,0.05992645320523676,0.02579844957486077,0.08047335394280902,0.0411464712804992,0.062332140635944944,0.06802029673522386,0.08220766035340654,0.05634610802840978
2026-04-12,0.5129690005645308,0.0056009374080164724,FALSE,0.06007657487560186,0.02594857124522587,0.08062347561317412,0.0412965929508643,0.062482262306310044,0.06817041840558896,0.08235778202377164,0.05649622969877488
2026-04-13,0.5131191222348959,0.005568449993862899,FALSE,0.06022669654596696,0.02609869291559097,0.08077359728353922,0.0414467146212294,0.06263238397667514,0.06832054007595406,0.08250790369413674,0.05664635136913998
2026-04-14,0.513269243905261,0.005534457482395241,FALSE,0.06037681821633206,0.02624881458595607,0.08092371895390432,0.0415968362915945,0.06278250564704024,0.06847066174631916,0.08265802536450184,0.05679647303950508
2026-04-15,0.5134193655756261,0.005498931961698122,FALSE,0.06052693988669716,0.02639893625632117,0.08107384062426942,0.041746957961959597,0.06293262731740534,0.06862078341668426,0.08280814703486694,0.05694659470987018
2026-04-16,0.5135694872459912,0.00546184351835396,FALSE,0.06067706155706226,0.02654905792668627,0.08122396229463452,0.041897079632324696,0.06308274898777044,0.06877090508704936,0.08295826870523204,0.05709671638023528
2026-04-17,0.5137196089163563,0.005423160086447817,FALSE,0.06082718322742736,0.02669917959705137,0.08137408396499962,0.042047201302689796,0.06323287065813554,0.06892102675741446,0.08310839037559714,0.05724683805060038
2026-04-18,0.5138697305867214,0.005382847279289258,FALSE,0.06097730489779246,0.02684930126741647,0.08152420563536472,0.042197322973054896,0.06338299232850064,0.06907114842777956,0.08325851204596224,0.05739695972096548
2026-04-19,0.5140198522570865,0.0053408682014929355,FALSE,0.06112742656815756,0.02699942293778157,0.08167432730572982,0.042347444643419996,0.06353311399886574,0.06922127009814466,0.08340863371632734,0.05754708139133058
2026-04-20,0.5141699739274516,0.005297183238660005,FALSE,0.06127754823852266,0.02714954460814667,0.08182444897609492,0.042497566313785096,0.06368323566923084,0.06937139176850976,0.08355875538669244,0.05769720306169568
2026-04-21,0.5140691003247618,0.005300034675124697,FALSE,0.06117667463583293,0.027048671005456937,0.08172357537340519,0.04239669271109536,0.06358236206654111,0.06927051816582003,0.08345788178400271,0.057596329459005946
2026-04-22,0.5139682267220721,0.005301140601287285,FALSE,0.061075801033143196,0.026947797402767204,0.08162270177071546,0.04229581910840563,0.06348148846385138,0.0691696445631303,0.08335700818131297,0.05749545585631621
2026-04-23,0.5138673531193824,0.0053005021097267385,FALSE,0.06097492743045346,0.02684692380007747,0.08152182816802572,0.0421949455057159,0.06338061486116164,0.06906877096044056,0.08325613457862324,0.05739458225362648
2026-04-24,0.5137664795166926,0.005298118569768651,FALSE,0.06087405382776373,0.02674605019738774,0.08142095456533599,0.042094071903026165,0.06327974125847191,0.06896789735775083,0.08315526097593351,0.05729370865093675
2026-04-25,0.5136656059140029,0.005293987624366526,FALSE,0.060773180225074,0.026645176594698006,0.08132008096264626,0.04199319830033643,0.06317886765578218,0.0688670237550611,0.08305438737324378,0.057192835048247015
2026-04-26,0.5135647323113132,0.005288105178423854,FALSE,0.060672306622384264,0.026544302992008273,0.08121920735995652,0.0418923246976467,0.06307799405309245,0.06876615015237136,0.08295351377055404,0.05709196144555728
2026-04-27,0.5134638587086234,0.005280465378421597,FALSE,0.06057143301969453,0.02644342938931854,0.08111833375726679,0.041791451094956966,0.06297712045040271,0.06866527654968163,0.08285264016786431,0.05699108784286755
2026-04-28,0.5133629851059337,0.005271060583113594,FALSE,0.0604705594170048,0.026342555786628807,0.08101746015457706,0.04169057749226723,0.06287624684771298,0.0685644029469919,0.08275176656517458,0.05689021424017782
2026-04-29,0.513262111503244,0.005259881324945195,FALSE,0.060369685814315066,0.026241682183939075,0.08091658655188733,0.0415897038895775,0.06277537324502325,0.06846352934430217,0.08265089296248485,0.056789340637488084
2026-04-30,0.5131612379005542,0.005246916261735967,FALSE,0.06026881221162533,0.026140808581249342,0.0808157129491976,0.04148883028688777,0.06267449964233351,0.06836265574161243,0.08255001935979511,0.05668846703479835
2026-05-01,0.5130603642978645,0.00523215211804284,FALSE,0.0601679386089356,0.02603993497855961,0.08071483934650786,0.041387956684198035,0.06257362603964378,0.0682617821389227,0.08244914575710538,0.05658759343210862
2026-05-02,0.5129594906951748,0.005215573615482743,FALSE,0.06006706500624587,0.025939061375869876,0.08061396574381813,0.0412870830815083,0.06247275243695405,0.06816090853623297,0.08234827215441565,0.056486719829418885
2026-05-03,0.512858617092485,0.00519716339114021,FALSE,0.059966191403556135,0.025838187773180143,0.0805130921411284,0.04118620947881857,0.062371878834264316,0.06806003493354323,0.08224739855172591,0.05638584622672915
2026-05-04,0.5127577434897953,0.0051769019030115885,FALSE,0.0598653178008664,0.02573731417049041,0.08041221853843866,0.04108533587612884,0.06227100523157458,0.0679591613308535,0.08214652494903618,0.05628497262403942
2026-05-05,0.5126568698871056,0.005154767321238731,FALSE,0.05976444419817667,0.025636440567800678,0.08031134493574893,0.040984462273439104,0.06217013162888485,0.06785828772816377,0.08204565134634645,0.05618409902134969
2026-05-06,0.5125559962844158,0.005130735403655617,FALSE,0.05966357059548694,0.025535566965110945,0.0802104713330592,0.04088358867074937,0.06206925802619512,0.06775741412547404,0.08194477774365672,0.056083225418659954
2026-05-07,0.5125177449778296,0.0051303734182041585,FALSE,0.05962531928890075,0.025497315658524755,0.080172220026473,0.04084533736416318,0.06203100671960893,0.06771916281888785,0.08190652643707053,0.056044974112073764
2026-05-08,0.5124794936712435,0.005128086938766854,FALSE,0.05958706798231456,0.025459064351938565,0.08013396871988682,0.04080708605757699,0.06199275541302274,0.06768091151230166,0.08186827513048434,0.056006722805487574
2026-05-09,0.5124412423646573,0.00512387338898331,FALSE,0.05954881667572837,0.025420813045352375,0.08009571741330063,0.0407688347509908,0.06195450410643655,0.06764266020571547,0.08183002382389815,0.055968471498901384
2026-05-10,0.5124029910580711,0.005117728009044262,FALSE,0.05951056536914218,0.025382561738766185,0.08005746610671444,0.04073058344440461,0.06191625279985036,0.06760440889912928,0.08179177251731196,0.055930220192315194
2026-05-11,0.5123647397514849,0.005109643828705255,FALSE,0.059472314062555987,0.025344310432179995,0.08001921480012825,0.04069233213781842,0.06187800149326417,0.06756615759254309,0.08175352121072577,0.055891968885729004
2026-05-12,0.5123264884448987,0.005099611627500665,FALSE,0.059434062755969796,0.025306059125593805,0.07998096349354206,0.04065408083123223,0.06183975018667798,0.0675279062859569,0.08171526990413958,0.055853717579142814
2026-05-13,0.5122882371383125,0.0050876198816243124,FALSE,0.059395811449383606,0.025267807819007615,0.07994271218695587,0.04061582952464604,0.06180149888009179,0.0674896549793707,0.08167701859755339,0.055815466272556624
2026-05-14,0.5122499858317263,0.005073654696754867,FALSE,0.059357560142797416,0.025229556512421425,0.07990446088036968,0.04057757821805985,0.0617632475735056,0.06745140367278452,0.0816387672909672,0.055777214965970434
2026-05-15,0.5122117345251401,0.005057699725898244,FALSE,0.059319308836211226,0.025191305205835235,0.07986620957378349,0.04053932691147366,0.06172499626691941,0.06741315236619833,0.081600515984381,0.055738963659384244
2026-05-16,0.5121734832185539,0.005039736071089869,FALSE,0.059281057529625036,0.025153053899249045,0.0798279582671973,0.04050107560488747,0.06168674496033322,0.06737490105961214,0.08156226467779482,0.055700712352798054
2026-05-17,0.5121352319119677,0.005019742167540306,FALSE,0.059242806223038846,0.025114802592662855,0.0797897069606111,0.04046282429830128,0.06164849365374703,0.06733664975302595,0.08152401337120863,0.055662461046211864
2026-05-18,0.5120969806053816,0.004997693648510769,FALSE,0.059204554916452656,0.025076551286076665,0.07975145565402492,0.04042457299171509,0.06161024234716084,0.06729839844643976,0.08148576206462244,0.055624209739625674
2026-05-19,0.5120587292987954,0.004973563188860903,FALSE,0.059166303609866466,0.025038299979490475,0.07971320434743873,0.0403863216851289,0.06157199104057465,0.06726014713985357,0.08144751075803625,0.055585958433039484
2026-05-20,0.5120204779922092,0.004947320324808604,FALSE,0.059128052303280276,0.025000048672904285,0.07967495304085254,0.04034807037854271,0.06153373973398846,0.06722189583326738,0.08140925945145006,0.055547707126453294
2026-05-21,0.511982226685623,0.004918931246966267,FALSE,0.059089800996694086,0.024961797366318095,0.07963670173426635,0.04030981907195652,0.06149548842740227,0.06718364452668119,0.08137100814486387,0.055509455819867104
2026-05-22,0.5119439753790368,0.004888358563152119,FALSE,0.059051549690107896,0.024923546059731905,0.07959845042768016,0.04027156776537033,0.06145723712081608,0.067145393220095,0.08133275683827768,0.055471204513280914
2026-05-23,0.5119057240724506,0.004855561026796893,FALSE,0.059013298383521706,0.024885294753145715,0.07956019912109397,0.04023331645878414,0.06141898581422989,0.0671071419135088,0.08129450553169149,0.055432953206694724
2026-05-24,0.5117875494162393,0.004833319618335932,FALSE,0.05889512372731037,0.02476712009693438,0.07944202446488263,0.04011514180257281,0.06130081115801855,0.06698896725729747,0.08117633087548015,0.05531477855048339
2026-05-25,0.5116693747600279,0.004808776513337302,FALSE,0.05877694907109904,0.024648945440723047,0.0793238498086713,0.03999696714636147,0.06118263650180722,0.06687079260108614,0.08105815621926882,0.055196603894272056
2026-05-26,0.5115512001038166,0.004781896271527572,FALSE,0.058658774414887704,0.024530770784511713,0.07920567515245996,0.03987879249015014,0.061064461845595885,0.0667526179448748,0.08093998156305748,0.05507842923806072
2026-05-27,0.5114330254476053,0.0047526392375463865,FALSE,0.05854059975867637,0.02441259612830038,0.07908750049624863,0.039760617833938805,0.06094628718938455,0.06663444328866347,0.08082180690684615,0.05496025458184939
2026-05-28,0.5113148507913939,0.0047209612227885394,FALSE,0.058422425102465037,0.024294421472089045,0.0789693258400373,0.03964244317772747,0.06082811253317322,0.06651626863245214,0.08070363225063482,0.054842079925638054
2026-05-29,0.5111614375450031,0.004719007879879679,FALSE,0.05826901185607419,0.0241410082256982,0.07881591259364645,0.03948902993133663,0.060674699286782374,0.06636285538606129,0.08055021900424397,0.05468866667924721
2026-05-30,0.5110080242986123,0.004714581516434624,FALSE,0.05811559860968335,0.02398759497930736,0.07866249934725561,0.039335616684945784,0.06052128604039153,0.06620944213967045,0.08039680575785313,0.05453525343285637
2026-05-31,0.5108546110522214,0.0047076751567301815,FALSE,0.05796218536329251,0.023834181732916515,0.07850908610086477,0.03918220343855494,0.06036787279400069,0.0660560288932796,0.08024339251146229,0.054381840186465524
2026-06-01,0.5107011978058306,0.0046982778641678,FALSE,0.05780877211690166,0.023680768486525672,0.07835567285447392,0.0390287901921641,0.060214459547609844,0.06590261564688876,0.08008997926507144,0.05422842694007468
2026-06-02,0.5105477845594397,0.004686374654038108,FALSE,0.05765535887051082,0.02352735524013483,0.07820225960808308,0.038875376945773255,0.060061046301219,0.06574920240049792,0.0799365660186806,0.05407501369368384
2026-06-03,0.5103943713130489,0.004671946372609546,FALSE,0.05750194562411998,0.023373941993743985,0.07804884636169224,0.03872196369938241,0.05990763305482816,0.06559578915410708,0.07978315277228976,0.053921600447292994
2026-06-04,0.510240958066658,0.0046549695402349585,FALSE,0.05734853237772913,0.023220528747353142,0.0778954331153014,0.03856855045299157,0.059754219808437314,0.06544237590771623,0.07962973952589891,0.05376818720090215
2026-06-05,0.5101917675055686,0.004665938377879144,FALSE,0.057299341816639704,0.023171338186263712,0.07784624255421196,0.03851935989190214,0.059705029247347885,0.0653931853466268,0.07958054896480948,0.05371899663981272
2026-06-06,0.5101425769444793,0.00467434882320513,FALSE,0.057250151255550386,0.023122147625174394,0.07779705199312265,0.03847016933081282,0.05965583868625857,0.06534399478553748,0.07953135840372016,0.0536698060787234
2026-06-07,0.5100933863833899,0.004680214668689507,FALSE,0.057200960694460956,0.023072957064084965,0.07774786143203322,0.03842097876972339,0.05960664812516914,0.06529480422444806,0.07948216784263074,0.053620615517633974
2026-06-08,0.5100441958223005,0.004683545475194748,FALSE,0.05715177013337164,0.023023766502995646,0.0776986708709439,0.03837178820863407,0.05955745756407982,0.06524561366335874,0.07943297728154142,0.053571424956544655
2026-06-09,0.5099950052612111,0.004684346650345329,FALSE,0.05710257957228221,0.022974575941906217,0.07764948030985447,0.03832259764754464,0.05950826700299039,0.06519642310226931,0.07938378672045199,0.053522234395455226
2026-06-10,0.5099458147001217,0.004682619492567095,FALSE,0.05705338901119278,0.022925385380816787,0.07760028974876504,0.03827340708645521,0.05945907644190096,0.06514723254117988,0.07933459615936256,0.0534730438343658
2026-06-11,0.5098966241390323,0.004678361201630402,FALSE,0.05700419845010335,0.022876194819727358,0.07755109918767561,0.038224216525365784,0.05940988588081153,0.06509804198009045,0.07928540559827313,0.05342385327327637
2026-06-12,0.5098474335779428,0.004671564855897382,FALSE,0.05695500788901392,0.02282700425863793,0.07750190862658618,0.038175025964276355,0.0593606953197221,0.06504885141900102,0.0792362150371837,0.05337466271218694
2026-06-13,0.5098752296878399,0.004685089738563422,FALSE,0.056982803998911036,0.022854800368535044,0.0775297047364833,0.03820282207417347,0.05938849142961922,0.06507664752889813,0.07926401114708082,0.053402458822084053
2026-06-14,0.509903025797737,0.004696087474073906,FALSE,0.05701060010880815,0.02288259647843216,0.07755750084638041,0.038230618184070586,0.05941628753951633,0.06510444363879525,0.07929180725697793,0.05343025493198117
2026-06-15,0.5099308219076342,0.0047045757853541054,FALSE,0.05703839621870527,0.022910392588329276,0.07758529695627753,0.0382584142939677,0.05944408364941345,0.06513223974869237,0.07931960336687505,0.053458051041878285
2026-06-16,0.5099586180175313,0.004710568238158891,FALSE,0.05706619232860238,0.02293818869822639,0.07761309306617464,0.03828621040386482,0.059471879759310564,0.06516003585858948,0.07934739947677216,0.0534858471517754
2026-06-17,0.5099864141274284,0.004714074350579054,FALSE,0.0570939884384995,0.022965984808123507,0.07764088917607176,0.03831400651376193,0.05949967586920768,0.0651878319684866,0.07937519558666928,0.05351364326167252
2026-06-18,0.5100142102373255,0.00471509966908952,FALSE,0.057121784548396615,0.022993780918020623,0.07766868528596887,0.03834180262365905,0.059527471979104796,0.06521562807838371,0.0794029916965664,0.05354143937156963
2026-06-19,0.5100420063472226,0.0047136458125673466,FALSE,0.05714958065829373,0.02302157702791774,0.07769648139586599,0.038369598733556165,0.05955526808900191,0.06524342418828083,0.07943078780646351,0.05356923548146675
2026-06-20,0.5100698024571197,0.004709710485098214,FALSE,0.057177376768190846,0.023049373137814855,0.0777242775057631,0.03839739484345328,0.05958306419889903,0.06527122029817795,0.07945858391636063,0.053597031591363864
2026-06-21,0.5100975985670169,0.004703287457808553,FALSE,0.05720517287808796,0.02307716924771197,0.07775207361566022,0.0384251909533504,0.05961086030879614,0.06529901640807506,0.07948638002625774,0.05362482770126098
2026-06-22,0.5101839730333616,0.004709718533426324,FALSE,0.0572915473444327,0.02316354371405671,0.07783844808200496,0.03851156541969514,0.059697234775140884,0.0653853908744198,0.07957275449260248,0.05371120216760572
2026-06-23,0.5102703474997063,0.00471366192196995,FALSE,0.057377921810777444,0.023249918180401452,0.0779248225483497,0.03859793988603988,0.059783609241485625,0.06547176534076454,0.07965912895894722,0.05379757663395046
2026-06-24,0.5103567219660511,0.004715123865008148,FALSE,0.057464296277122184,0.023336292646746193,0.07801119701469444,0.03868431435238462,0.059869983707830365,0.06555813980710928,0.07974550342529196,0.0538839511002952
2026-06-25,0.5104430964323958,0.004714106671185877,FALSE,0.057550670743466925,0.023422667113090934,0.07809757148103919,0.03877068881872936,0.059956358174175106,0.06564451427345402,0.0798318778916367,0.05397032556663994
2026-06-26,0.5105294708987406,0.0047106087344926965,FALSE,0.057637045209811666,0.023509041579435674,0.07818394594738393,0.0388570632850741,0.06004273264051985,0.06573088873979877,0.07991825235798145,0.054056700032984684
2026-06-27,0.5106158453650853,0.004704624521558385,FALSE,0.05772341967615641,0.023595416045780415,0.07827032041372867,0.03894343775141884,0.06012910710686459,0.0658172632061435,0.08000462682432619,0.054143074499329424
2026-06-28,0.5107320529569713,0.0047087336634357374,FALSE,0.057839627268042426,0.023711623637666435,0.07838652800561469,0.03905964534330486,0.06024531469875061,0.06593347079802953,0.0801208344162122,0.054259282091215444
2026-06-29,0.5108446361810303,0.004722230802625471,FALSE,0.057952210492101364,0.023824206861725372,0.07849911122967362,0.0391722285673638,0.060357897922809545,0.06604605402208846,0.08023341764027114,0.05437186531527438
2026-06-30,0.5109572194050892,0.004733259966697792,FALSE,0.0580647937161603,0.02393679008578431,0.07861169445373256,0.039284811791422736,0.06047048114686848,0.0661586372461474,0.08034600086433008,0.05448444853933332
2026-07-01,0.5110698026291481,0.004741838376664738,FALSE,0.05817737694021924,0.024049373309843247,0.0787242776777915,0.03939739501548167,0.06058306437092742,0.06627122047020634,0.08045858408838902,0.054597031763392256
2026-07-02,0.5111823858532071,0.004747979316242258,FALSE,0.058289960164278176,0.024161956533902185,0.07883686090185044,0.03950997823954061,0.06069564759498636,0.06638380369426528,0.08057116731244796,0.054709614987451194
2026-07-03,0.511294969077266,0.004751692235773003,FALSE,0.058402543388337114,0.024274539757961122,0.07894944412590937,0.03962256146359955,0.060808230819045295,0.06649638691832421,0.08068375053650689,0.05482219821151013
2026-07-04,0.511407552301325,0.004752982825398582,FALSE,0.05851512661239605,0.02438712298202006,0.07906202734996831,0.039735144687658486,0.06092081404310423,0.06660897014238315,0.08079633376056583,0.05493478143556907
2026-07-05,0.5115201355253839,0.004751853058812916,FALSE,0.05862770983645499,0.024499706206078997,0.07917461057402725,0.03984772791171742,0.06103339726716317,0.06672155336644209,0.08090891698462477,0.055047364659628006
2026-07-06,0.5116327187494428,0.004748301208385243,FALSE,0.058740293060513926,0.024612289430137935,0.07928719379808619,0.03996031113577636,0.06114598049122211,0.06683413659050103,0.0810215002086837,0.055159947883686944
2026-07-07,0.5117453019735018,0.004742321831924018,FALSE,0.058852876284572864,0.024724872654196872,0.07939977702214512,0.0400728943598353,0.061258563715281045,0.06694671981455996,0.08113408343274264,0.05527253110774588
2026-07-08,0.5118578851975607,0.004733905730844343,FALSE,0.0589654595086318,0.02483745587825581,0.07951236024620406,0.040185477583894236,0.06137114693933998,0.0670593030386189,0.08124666665680158,0.05538511433180482
2026-07-09,0.5119704684216196,0.004723039878985351,FALSE,0.05907804273269074,0.024950039102314747,0.079624943470263,0.04029806080795317,0.06148373016339892,0.06717188626267784,0.08135924988086052,0.055497697555863756
2026-07-10,0.5120830516456786,0.004709707320783143,FALSE,0.059190625956749676,0.025062622326373685,0.07973752669432194,0.04041064403201211,0.06159631338745786,0.06728446948673678,0.08147183310491946,0.055610280779922694
2026-07-11,0.5121956348697375,0.004693887036921321,FALSE,0.059303209180808614,0.025175205550432622,0.07985010991838087,0.04052322725607105,0.061708896611516795,0.06739705271079571,0.08158441632897839,0.05572286400398163
2026-07-12,0.5123082180937965,0.0046755537749345825,FALSE,0.05941579240486755,0.02528778877449156,0.07996269314243981,0.040635810480129986,0.06182147983557573,0.06750963593485465,0.08169699955303733,0.05583544722804057
2026-07-13,0.5124208013178554,0.004654677841507332,FALSE,0.05952837562892649,0.025400371998550497,0.08007527636649875,0.04074839370418892,0.06193406305963467,0.06762221915891359,0.08180958277709627,0.055948030452099506
2026-07-14,0.5125333845419143,0.0046312248523604415,FALSE,0.059640958852985426,0.025512955222609435,0.08018785959055769,0.04086097692824786,0.06204664628369361,0.06773480238297253,0.0819221660011552,0.056060613676158444
2026-07-15,0.5126459677659733,0.004605155434619982,FALSE,0.059753542077044364,0.025625538446668372,0.08030044281461662,0.0409735601523068,0.062159229507752545,0.06784738560703146,0.08203474922521414,0.05617319690021738
2026-07-16,0.5127585509900322,0.004576424875367916,FALSE,0.0598661253011033,0.02573812167072731,0.08041302603867556,0.041086143376365736,0.06227181273181148,0.0679599688310904,0.08214733244927308,0.05628578012427632
2026-07-17,0.5128711342140911,0.004544982708630457,FALSE,0.05997870852516224,0.025850704894786247,0.0805256092627345,0.04119872660042467,0.06238439595587042,0.06807255205514934,0.08225991567333202,0.056398363348335256
2026-07-18,0.5129127808903378,0.004530269952433527,FALSE,0.06002035520140886,0.025892351571032868,0.08056725593898112,0.041240373276671294,0.06242604263211704,0.06811419873139596,0.08230156234957864,0.05644001002458188
2026-07-19,0.5129544275665844,0.004512761931319501,FALSE,0.06006200187765548,0.02593399824727949,0.08060890261522774,0.041282019952917914,0.06246768930836366,0.06815584540764258,0.08234320902582526,0.0564816567008285
2026-07-20,0.512996074242831,0.0044924259640291425,FALSE,0.0601036485539021,0.02597564492352611,0.08065054929147436,0.041323666629164535,0.06250933598461028,0.0681974920838892,0.08238485570207188,0.05652330337707512
2026-07-21,0.5130377209190776,0.004469223447364436,FALSE,0.06014529523014872,0.02601729159977273,0.08069219596772098,0.041365313305411155,0.0625509826608569,0.06823913876013582,0.0824265023783185,0.05656495005332174
2026-07-22,0.5130793675953242,0.004443109473030475,FALSE,0.06018694190639534,0.02605893827601935,0.0807338426439676,0.041406959981657776,0.06259262933710352,0.06828078543638244,0.08246814905456512,0.05660659672956836
2026-07-23,0.5131210142715709,0.004414032367673175,FALSE,0.06022858858264196,0.02610058495226597,0.08077548932021422,0.0414486066579044,0.06263427601335014,0.06832243211262906,0.08250979573081174,0.05664824340581498
2026-07-24,0.5131626609478175,0.004381933144523314,FALSE,0.06027023525888858,0.02614223162851259,0.08081713599646084,0.04149025333415102,0.06267592268959676,0.06836407878887568,0.08255144240705836,0.0566898900820616
2026-07-25,0.5132043076240641,0.004346744852179584,FALSE,0.0603118819351352,0.02618387830475921,0.08085878267270746,0.04153190001039764,0.06271756936584338,0.0684057254651223,0.08259308908330498,0.05673153675830822
2026-07-26,0.5132459543003107,0.004308391802459437,FALSE,0.060353528611381824,0.026225524981005832,0.08090042934895408,0.04157354668664426,0.06275921604209,0.06844737214136892,0.0826347357595516,0.05677318343455484
2026-07-27,0.5132876009765573,0.004266788654681862,FALSE,0.060395175287628444,0.026267171657252453,0.0809420760252007,0.04161519336289088,0.06280086271833663,0.06848901881761554,0.08267638243579822,0.05681483011080146
2026-07-28,0.513321593903586,0.00423936693176664,FALSE,0.0604291682146571,0.02630116458428111,0.08097606895222936,0.04164918628991954,0.06283485564536528,0.0685230117446442,0.08271037536282688,0.05684882303783012
2026-07-29,0.5133555868306147,0.004208533848602312,FALSE,0.06046316114168576,0.02633515751130977,0.08101006187925802,0.041683179216948196,0.06286884857239394,0.06855700467167286,0.08274436828985554,0.05688281596485878
2026-07-30,0.5133895797576433,0.004174213811216017,FALSE,0.06049715406871442,0.02636915043833843,0.08104405480628668,0.041717172143976855,0.0629028414994226,0.06859099759870152,0.0827783612168842,0.05691680889188744
2026-07-31,0.5134135701542089,0.004167328062357238,FALSE,0.06052114446527995,0.02639314083490396,0.08106804520285221,0.04174116254054239,0.06292683189598813,0.06861498799526705,0.08280235161344973,0.05694079928845297
2026-08-01,0.5134355224055425,0.004187495248089083,FALSE,0.060543096716613565,0.026415093086237573,0.08108999745418582,0.041763114791876,0.06294878414732175,0.06863694024660066,0.08282430386478334,0.05696275153978658
2026-08-02,0.5134574746568761,0.0042041227871173524,FALSE,0.06056504896794718,0.026437045337571186,0.08111194970551944,0.04178506704320961,0.06297073639865536,0.06865889249793428,0.08284625611611696,0.056984703791120195
2026-08-03,0.5134794269082097,0.00421725254739176,FALSE,0.06058700121928079,0.026458997588904798,0.08113390195685305,0.041807019294543224,0.06299268864998897,0.06868084474926789,0.08286820836745057,0.05700665604245381
2026-08-04,0.5135013791595433,0.004226917123712908,FALSE,0.0606089534706144,0.02648094984023841,0.08115585420818666,0.041828971545876836,0.06301464090132258,0.0687027970006015,0.08289016061878418,0.05702860829378742
2026-08-05,0.5135233314108769,0.00423314024997102,FALSE,0.060630905721948014,0.026502902091572023,0.08117780645952027,0.04185092379721045,0.0630365931526562,0.06872474925193511,0.0829121128701178,0.05705056054512103
2026-08-06,0.5135452836622105,0.004235937093966838,FALSE,0.060652857973281626,0.026524854342905635,0.08119975871085389,0.04187287604854406,0.06305854540398981,0.06874670150326873,0.0829340651214514,0.057072512796454644
2026-08-07,0.5135672359135441,0.00423531444347358,FALSE,0.06067481022461524,0.026546806594239247,0.0812217109621875,0.04189482829987767,0.06308049765532342,0.06876865375460234,0.08295601737278502,0.057094465047788256
2026-08-08,0.5135891881648778,0.004231270788909619,FALSE,0.06069676247594885,0.02656875884557286,0.08124366321352111,0.041916780551211286,0.06310244990665703,0.06879060600593595,0.08297796962411863,0.05711641729912187
2026-08-09,0.5136111404162114,0.004223796304983933,FALSE,0.06071871472728246,0.026590711096906472,0.08126561546485472,0.0419387328025449,0.06312440215799064,0.06881255825726956,0.08299992187545224,0.05713836955045548
2026-08-10,0.513633092667545,0.004212872730791214,FALSE,0.060740666978616076,0.026612663348240084,0.08128756771618834,0.04196068505387851,0.06314635440932426,0.068834510508603175,0.08302187412678586,0.057160321801789093
2026-08-11,0.513732481118943,0.004215662478018317,FALSE,0.060840055430014084,0.026712051799638092,0.08138695616758634,0.04206007350527652,0.06324574286072226,0.06893389896000118,0.08312126257818386,0.0572597102531871
2026-08-12,0.5138318695703409,0.0042149831428529615,FALSE,0.06093944388141198,0.02681144025103599,0.08148634461898424,0.042159461956674416,0.06334513131212016,0.06903328741139908,0.08322065102958176,0.057359098704585
2026-08-13,0.5139312580217389,0.004210833046290661,FALSE,0.06103883233280999,0.026910828702433998,0.08158573307038225,0.042258850408072424,0.06344451976351817,0.06913267586279709,0.08332003948097977,0.05745848715598301
2026-08-14,0.514008167205916,0.004223845056405484,FALSE,0.06111574151698712,0.02698773788661113,0.08166264225455938,0.042335759592249556,0.0635214289476953,0.06920958504697422,0.0833969486651569,0.05753539634016014
2026-08-15,0.5140850763900932,0.004233408087439432,FALSE,0.06119265070116425,0.02706464707078826,0.08173955143873651,0.04241266877642669,0.06359833813187243,0.06928649423115135,0.08347385784933403,0.05761230552433727
2026-08-16,0.5141619855742703,0.004239545478770469,FALSE,0.061269559885341385,0.027141556254965393,0.08181646062291364,0.04248957796060382,0.06367524731604957,0.06936340341532848,0.08355076703351116,0.0576892147085144
2026-08-17,0.5142388947584474,0.004242272098276779,FALSE,0.06134646906951852,0.027218465439142525,0.08189336980709078,0.04256648714478095,0.0637521565002267,0.06944031259950562,0.0836276762176883,0.057766123892691534
2026-08-18,0.5143158039426245,0.004241594523591475,FALSE,0.06142337825369565,0.027295374623319657,0.08197027899126791,0.04264339632895808,0.06382906568440383,0.06951722178368275,0.08370458540186543,0.057843033076868666
2026-08-19,0.5143927131268017,0.004237511121730977,FALSE,0.06150028743787278,0.02737228380749679,0.08204718817544504,0.042720305513135215,0.06390597486858096,0.06959413096785988,0.08378149458604256,0.0579199422610458
2026-08-20,0.5144696223109788,0.00423001202935822,FALSE,0.06157719662204991,0.02744919299167392,0.08212409735962217,0.04279721469731235,0.0639828840527581,0.06967104015203701,0.08385840377021969,0.05799685144522293
2026-08-21,0.514546531495156,0.0042190790331215365,FALSE,0.061654105806227044,0.027526102175851053,0.0822010065437993,0.04287412388148948,0.06405979323693523,0.06974794933621414,0.08393531295439682,0.05807376062940006
2026-08-22,0.5146234406793331,0.004204685346660944,FALSE,0.061731014990404176,0.027603011360028185,0.08227791572797644,0.04295103306566661,0.06413670242111236,0.06982485852039128,0.08401222213857396,0.058150669813577194
2026-08-23,0.5147003498635102,0.004186795277848413,FALSE,0.06180792417458131,0.027679920544205316,0.08235482491215357,0.04302794224984374,0.06421361160528949,0.06990176770456841,0.08408913132275109,0.058227578997754326
2026-08-24,0.5147772590476873,0.00416536377646554,FALSE,0.06188483335875844,0.02775682972838245,0.0824317340963307,0.043104851434020874,0.06429052078946662,0.06997867688874554,0.08416604050692822,0.05830448818193146
2026-08-25,0.5147781580180715,0.004157405617502976,FALSE,0.06188573232914257,0.02775772869876658,0.08243263306671483,0.04310575040440501,0.06429141975985075,0.06997957585912967,0.08416693947731235,0.05830538715231559
2026-08-26,0.5147790569884556,0.004145830426111173,FALSE,0.061886631299526706,0.027758627669150715,0.08243353203709897,0.04310664937478914,0.06429231873023489,0.0699804748295138,0.08416783844769649,0.058306286122699724
2026-08-27,0.5148502905442217,0.00415034679463397,FALSE,0.06195786485529281,0.02782986122491682,0.08250476559286507,0.043177882930555245,0.06436355228600099,0.07005170838527991,0.08423907200346259,0.05837751967846583
2026-08-28,0.5149215240999878,0.004151227657137732,FALSE,0.062029098411058914,0.027901094780682922,0.08257599914863117,0.04324911648632135,0.0644347858417671,0.07012294194104601,0.0843103055592287,0.05844875323423193
2026-08-29,0.5149927576557539,0.004148475329448086,FALSE,0.06210033196682502,0.027972328336449026,0.08264723270439728,0.04332035004208745,0.0645060193975332,0.07019417549681212,0.0843815391149948,0.058519986789998035
2026-08-30,0.51506399121152,0.004142082569033485,FALSE,0.06217156552259112,0.02804356189221513,0.08271846626016338,0.043391583597853556,0.0645772529532993,0.07026540905257822,0.0844527726707609,0.05859122034576414
2026-08-31,0.5151352247672861,0.004132032479342351,FALSE,0.062242799078357225,0.028114795447981233,0.08278969981592949,0.04346281715361966,0.0646484865090654,0.07033664260834432,0.084524006226527,0.05866245390153024
2026-09-01,0.5152064583230522,0.00411829828496997,FALSE,0.06231403263412333,0.028186029003747337,0.08286093337169559,0.04353405070938576,0.06471972006483151,0.07040787616411043,0.08459523978229311,0.058733687457296346
2026-09-02,0.5152538034824075,0.004115909421265692,FALSE,0.062361377793478556,0.028233374163102565,0.08290827853105082,0.04358139586874099,0.06476706522418674,0.07045522132346566,0.08464258494164834,0.058781032616651574
2026-09-03,0.5153011486417627,0.004109793002154377,FALSE,0.062408722952833784,0.028280719322457792,0.08295562369040604,0.04362874102809622,0.06481441038354196,0.07050256648282088,0.08468993010100356,0.0588283777760068
2026-09-04,0.5153484938011179,0.0040999323449865364,FALSE,0.06245606811218901,0.02832806448181302,0.08300296884976127,0.043676086187451446,0.06486175554289719,0.07054991164217611,0.08473727526035879,0.05887572293536203
2026-09-05,0.5153462469647344,0.004103078385477568,FALSE,0.06245382127580551,0.02832581764542952,0.08300072201337777,0.043673839351067945,0.06485950870651369,0.07054766480579261,0.08473502842397529,0.05887347609897853
2026-09-06,0.5153440001283509,0.004102461783907411,FALSE,0.06245157443942201,0.028323570809046017,0.08299847517699427,0.04367159251468444,0.06485726187013019,0.07054541796940911,0.08473278158759179,0.058871229262595026
2026-09-07,0.5153417532919674,0.004098080841883129,FALSE,0.06244932760303851,0.028321323972662515,0.08299622834061077,0.04366934567830094,0.06485501503374669,0.0705431711330256,0.08473053475120829,0.058868982426211525
2026-09-08,0.5153395064555839,0.004089923462846152,FALSE,0.062447080766655005,0.028319077136279014,0.08299398150422727,0.04366709884191744,0.06485276819736319,0.0705409242966421,0.08472828791482478,0.05886673558982802
2026-09-09,0.5153372596192004,0.004077966984222721,FALSE,0.062444833930271504,0.028316830299895512,0.08299173466784376,0.04366485200553394,0.06485052136097968,0.0705386774602586,0.08472604107844128,0.05886448875344452
2026-09-10,0.5153704845884075,0.004082148617818704,FALSE,0.062478058899478606,0.028350055269102614,0.08302495963705087,0.04369807697474104,0.06488374633018679,0.0705719024294657,0.08475926604764839,0.05889771372265162
2026-09-11,0.5153999242826703,0.004092930588027746,FALSE,0.06250749859374144,0.028379494963365448,0.0830543993313137,0.043727516669003874,0.06491318602444962,0.07060134212372854,0.08478870574191122,0.05892715341691446
2026-09-12,0.5153860906071942,0.00411021869883883,FALSE,0.0624936649182653,0.02836566128788931,0.08304056565583756,0.043713682993527736,0.06489935234897348,0.0705875084482524,0.08477487206643508,0.05891331974143832
2026-09-13,0.5153722569317181,0.0041237636966760605,FALSE,0.06247983124278916,0.028351827612413172,0.08302673198036142,0.0436998493180516,0.06488551867349734,0.07057367477277626,0.08476103839095894,0.05889948606596218
2026-09-14,0.5153293791321617,0.004144551722364612,FALSE,0.0624369534432328,0.02830894981285681,0.08298385418080506,0.043656971518495236,0.06484264087394098,0.0705307969732199,0.08471816059140258,0.05885660826640582
2026-09-15,0.515327094888984,0.0041785998390572315,FALSE,0.06243466920005508,0.02830666556967909,0.08298156993762734,0.043654687275317516,0.06484035663076326,0.07052851273004218,0.08471587634822486,0.0588543240232281
2026-09-16,0.5153248106458063,0.00420908550514769,FALSE,0.06243238495687736,0.02830438132650137,0.08297928569444962,0.0436524030321398,0.06483807238758554,0.07052622848686446,0.08471359210504714,0.05885203978005038
2026-09-17,0.5153225264026285,0.004236085634566572,FALSE,0.06243010071369964,0.028302097083323652,0.0829770014512719,0.04365011878896208,0.06483578814440782,0.07052394424368674,0.08471130786186942,0.05884975553687266
2026-09-18,0.5153588487288582,0.0042783167527105995,FALSE,0.062466423039929275,0.028338419409553284,0.08301332377750154,0.04368644111519171,0.06487211047063746,0.07056026656991637,0.08474763018809905,0.05888607786310229
2026-09-19,0.5153951710550878,0.004317228718239631,FALSE,0.06250274536615891,0.028374741735782916,0.08304964610373117,0.04372276344142134,0.06490843279686709,0.070596588896146,0.08478395251432869,0.058922400189331925
2026-09-20,0.5155050447822677,0.004384616269983643,FALSE,0.06261261909333876,0.02848461546296277,0.08315951983091102,0.043832637168601196,0.06501830652404694,0.07070646262332586,0.08489382624150854,0.05903227391651178
2026-09-21,0.5155383848126747,0.004469376215871874,FALSE,0.06264595912374576,0.028517955493369773,0.08319285986131802,0.0438659771990082,0.06505164655445395,0.07073980265373286,0.08492716627191554,0.05906561394691878
2026-09-22,0.5155717248430817,0.004551224079491213,FALSE,0.06267929915415277,0.028551295523776776,0.08322619989172503,0.0438993172294152,0.06508498658486095,0.07077314268413987,0.08496050630232255,0.059098953977325785
2026-09-23,0.5155584847745015,0.004649063919737102,FALSE,0.0626660590855726,0.02853805545519661,0.08321295982314486,0.043886077160835035,0.06507174651628078,0.0707599026155597,0.08494726623374238,0.05908571390874562
2026-09-24,0.5155452447059213,0.004744316298204956,FALSE,0.06265281901699243,0.028524815386616442,0.0831997197545647,0.04387283709225487,0.06505850644770061,0.07074666254697953,0.08493402616516221,0.05907247384016545
2026-09-25,0.5155320046373412,0.00483713407345468,FALSE,0.06263957894841227,0.028511575318036275,0.08318647968598453,0.0438595970236747,0.06504526637912045,0.07073342247839937,0.08492078609658205,0.059059233771585284
2026-09-26,0.515518764568761,0.004927654822660629,FALSE,0.0626263388798321,0.028498335249456108,0.08317323961740436,0.043846356955094534,0.06503202631054028,0.0707201824098192,0.08490754602800188,0.05904599370300512
2026-09-27,0.515518764568761,0.005030038940938496,TRUE,0.0626263388798321,0.028498335249456108,0.08317323961740436,0.043846356955094534,0.06503202631054028,0.0707201824098192,0.08490754602800188,0.05904599370300512
2026-09-28,0.515518764568761,0.005130380243551621,TRUE,0.0626263388798321,0.028498335249456108,0.08317323961740436,0.043846356955094534,0.06503202631054028,0.0707201824098192,0.08490754602800188,0.05904599370300512
2026-09-29,0.515518764568761,0.005228796337541931,TRUE,0.0626263388798321,0.028498335249456108,0.08317323961740436,0.043846356955094534,0.06503202631054028,0.0707201824098192,0.08490754602800188,0.05904599370300512
2026-09-30,0.515518764568761,0.005325393960596627,TRUE,0.0626263388798321,0.028498335249456108,0.08317323961740436,0.043846356955094534,0.06503202631054028,0.0707201824098192,0.08490754602800188,0.05904599370300512
2026-10-01,0.515518764568761,0.005420270337504039,TRUE,0.0626263388798321,0.028498335249456108,0.08317323961740436,0.043846356955094534,0.06503202631054028,0.0707201824098192,0.08490754602800188,0.05904599370300512
2026-10-02,0.515518764568761,0.005513514326424959,TRUE,0.0626263388798321,0.028498335249456108,0.08317323961740436,0.043846356955094534,0.06503202631054028,0.0707201824098192,0.08490754602800188,0.05904599370300512
2026-10-03,0.515518764568761,0.005605207393465508,TRUE,0.0626263388798321,0.028498335249456108,0.08317323961740436,0.043846356955094534,0.06503202631054028,0.0707201824098192,0.08490754602800188,0.05904599370300512
2026-10-04,0.515518764568761,0.005695424445976569,TRUE,0.0626263388798321,0.028498335249456108,0.08317323961740436,0.043846356955094534,0.06503202631054028,0.0707201824098192,0.08490754602800188,0.05904599370300512
2026-10-05,0.515518764568761,0.005784234548831387,TRUE,0.0626263388798321,0.028498335249456108,0.08317323961740436,0.043846356955094534,0.06503202631054028,0.0707201824098192,0.08490754602800188,0.05904599370300512
2026-10-06,0.515518764568761,0.005871701543161212,TRUE,0.0626263388798321,0.028498335249456108,0.08317323961740436,0.043846356955094534,0.06503202631054028,0.0707201824098192,0.08490754602800188,0.05904599370300512
2026-10-07,0.515518764568761,0.005957884583308817,TRUE,0.0626263388798321,0.028498335249456108,0.08317323961740436,0.043846356955094534,0.06503202631054028,0.0707201824098192,0.08490754602800188,0.05904599370300512
2026-10-08,0.515518764568761,0.006042838604835976,TRUE,0.0626263388798321,0.028498335249456108,0.08317323961740436,0.043846356955094534,0.06503202631054028,0.0707201824098192,0.08490754602800188,0.05904599370300512
2026-10-09,0.515518764568761,0.006126614734105869,TRUE,0.0626263388798321,0.028498335249456108,0.08317323961740436,0.043846356955094534,0.06503202631054028,0.0707201824098192,0.08490754602800188,0.05904599370300512
2026-10-10,0.515518764568761,0.006209260648115059,TRUE,0.0626263388798321,0.028498335249456108,0.08317323961740436,0.043846356955094534,0.06503202631054028,0.0707201824098192,0.08490754602800188,0.05904599370300512
2026-10-11,0.515518764568761,0.006290820891767415,TRUE,0.0626263388798321,0.028498335249456108,0.08317323961740436,0.043846356955094534,0.06503202631054028,0.0707201824098192,0.08490754602800188,0.05904599370300512
2026-10-12,0.515518764568761,0.006371337158584883,TRUE,0.0626263388798321,0.028498335249456108,0.08317323961740436,0.043846356955094534,0.06503202631054028,0.0707201824098192,0.08490754602800188,0.05904599370300512
2026-10-13,0.515518764568761,0.006450848539876875,TRUE,0.0626263388798321,0.028498335249456108,0.08317323961740436,0.043846356955094534,0.06503202631054028,0.0707201824098192,0.08490754602800188,0.05904599370300512
2026-10-14,0.515518764568761,0.006529391746594681,TRUE,0.0626263388798321,0.028498335249456108,0.08317323961740436,0.043846356955094534,0.06503202631054028,0.0707201824098192,0.08490754602800188,0.05904599370300512
2026-10-15,0.515518764568761,0.006607001307443934,TRUE,0.0626263388798321,0.028498335249456108,0.08317323961740436,0.043846356955094534,0.06503202631054028,0.0707201824098192,0.08490754602800188,0.05904599370300512
2026-10-16,0.515518764568761,0.0066837097462885825,TRUE,0.0626263388798321,0.028498335249456108,0.08317323961740436,0.043846356955094534,0.06503202631054028,0.0707201824098192,0.08490754602800188,0.05904599370300512
2026-10-17,0.515518764568761,0.006759547741432123,TRUE,0.0626263388798321,0.028498335249456108,0.08317323961740436,0.043846356955094534,0.06503202631054028,0.0707201824098192,0.08490754602800188,0.05904599370300512
2026-10-18,0.515518764568761,0.006834544268988769,TRUE,0.0626263388798321,0.028498335249456108,0.08317323961740436,0.043846356955094534,0.06503202631054028,0.0707201824098192,0.08490754602800188,0.05904599370300512
2026-10-19,0.515518764568761,0.006908726732244832,TRUE,0.0626263388798321,0.028498335249456108,0.08317323961740436,0.043846356955094534,0.06503202631054028,0.0707201824098192,0.08490754602800188,0.05904599370300512
2026-10-20,0.515518764568761,0.006982121078648055,TRUE,0.0626263388798321,0.028498335249456108,0.08317323961740436,0.043846356955094534,0.06503202631054028,0.0707201824098192,0.08490754602800188,0.05904599370300512
2026-10-21,0.515518764568761,0.007054751905841098,TRUE,0.0626263388798321,0.028498335249456108,0.08317323961740436,0.043846356955094534,0.06503202631054028,0.0707201824098192,0.08490754602800188,0.05904599370300512
2026-10-22,0.515518764568761,0.007126642557967652,TRUE,0.0626263388798321,0.028498335249456108,0.08317323961740436,0.043846356955094534,0.06503202631054028,0.0707201824098192,0.08490754602800188,0.05904599370300512
2026-10-23,0.515518764568761,0.007197815213320139,TRUE,0.0626263388798321,0.028498335249456108,0.08317323961740436,0.043846356955094534,0.06503202631054028,0.0707201824098192,0.08490754602800188,0.05904599370300512
2026-10-24,0.515518764568761,0.007268290964261816,TRUE,0.0626263388798321,0.028498335249456108,0.08317323961740436,0.043846356955094534,0.06503202631054028,0.0707201824098192,0.08490754602800188,0.05904599370300512
2026-10-25,0.515518764568761,0.007338089890239632,TRUE,0.0626263388798321,0.028498335249456108,0.08317323961740436,0.043846356955094534,0.06503202631054028,0.0707201824098192,0.08490754602800188,0.05904599370300512
2026-10-26,0.515518764568761,0.007407231124604134,TRUE,0.0626263388798321,0.028498335249456108,0.08317323961740436,0.043846356955094534,0.06503202631054028,0.0707201824098192,0.08490754602800188,0.05904599370300512
2026-10-27,0.515518764568761,0.0074757329158666,TRUE,0.0626263388798321,0.028498335249456108,0.08317323961740436,0.043846356955094534,0.06503202631054028,0.0707201824098192,0.08490754602800188,0.05904599370300512
2026-10-28,0.515518764568761,0.007543612683949147,TRUE,0.0626263388798321,0.028498335249456108,0.08317323961740436,0.043846356955094534,0.06503202631054028,0.0707201824098192,0.08490754602800188,0.05904599370300512
2026-10-29,0.515518764568761,0.007610887071919119,TRUE,0.0626263388798321,0.028498335249456108,0.08317323961740436,0.043846356955094534,0.06503202631054028,0.0707201824098192,0.08490754602800188,0.05904599370300512
2026-10-30,0.515518764568761,0.007677571993643088,TRUE,0.0626263388798321,0.028498335249456108,0.08317323961740436,0.043846356955094534,0.06503202631054028,0.0707201824098192,0.08490754602800188,0.05904599370300512
2026-10-31,0.515518764568761,0.007743682677747056,TRUE,0.0626263388798321,0.028498335249456108,0.08317323961740436,0.043846356955094534,0.06503202631054028,0.0707201824098192,0.08490754602800188,0.05904599370300512
2026-11-01,0.515518764568761,0.00780923370822688,TRUE,0.0626263388798321,0.028498335249456108,0.08317323961740436,0.043846356955094534,0.06503202631054028,0.0707201824098192,0.08490754602800188,0.05904599370300512
2026-11-02,0.515518764568761,0.007874239062015712,TRUE,0.0626263388798321,0.028498335249456108,0.08317323961740436,0.043846356955094534,0.06503202631054028,0.0707201824098192,0.08490754602800188,0.05904599370300512
2026-11-03,0.515518764568761,0.00793871214378259,TRUE,0.0626263388798321,0.028498335249456108,0.08317323961740436,0.043846356955094534,0.06503202631054028,0.0707201824098192,0.08490754602800188,0.05904599370300512
