baseline,label,source,model_internal,baseline_2p,component,mean,shift_mean,shift_sd,shift_q05,shift_q95,interval_src
gov18,2018 Governor (Valdez),capitol_portal,FALSE,0.43234552495135664,combined,0.5071558850835595,0.07481036013220282,0.015182210351659751,0.04973450908471361,0.10002201594574783,draws
gov18,2018 Governor (Valdez),capitol_portal,FALSE,0.43234552495135664,fundamentals,0.5011904843512989,0.06884495939994223,0.026867084648887336,0.02464860515252254,0.11304131364736186,normal
gov18,2018 Governor (Valdez),capitol_portal,FALSE,0.43234552495135664,poll,0.5122938541545248,0.07994832920316813,0.007517879233497597,0.06758141786406457,0.09231524054227164,normal
gov22,2022 Governor (O'Rourke),capitol_portal,FALSE,0.4447985821589418,combined,0.5071558850835595,0.062357302924617664,0.015182210351659751,0.037281451877128446,0.08756895873816267,draws
gov22,2022 Governor (O'Rourke),capitol_portal,FALSE,0.4447985821589418,fundamentals,0.5011904843512989,0.05639190219235707,0.026867084648887336,0.01219554794493738,0.1005882564397767,normal
gov22,2022 Governor (O'Rourke),capitol_portal,FALSE,0.4447985821589418,poll,0.5122938541545248,0.06749527199558297,0.007517879233497597,0.055128360656479414,0.07986218333468648,normal
pres16,2016 President (Clinton),capitol_portal,FALSE,0.4528924256889289,combined,0.5071558850835595,0.054263459394630564,0.015182210351659751,0.029187608347141347,0.07947511520817557,draws
pres16,2016 President (Clinton),capitol_portal,FALSE,0.4528924256889289,fundamentals,0.5011904843512989,0.04829805866236997,0.026867084648887336,0.00410170441495028,0.0924944129097896,normal
pres16,2016 President (Clinton),capitol_portal,FALSE,0.4528924256889289,poll,0.5122938541545248,0.059401428465595874,0.007517879233497597,0.047034517126492315,0.07176833980469938,normal
pres20,2020 President (Biden),capitol_portal,FALSE,0.47167240761366647,combined,0.5071558850835595,0.035483477469893,0.015182210351659751,0.010407626422403782,0.06069513328343801,draws
pres20,2020 President (Biden),capitol_portal,FALSE,0.47167240761366647,fundamentals,0.5011904843512989,0.029518076737632404,0.026867084648887336,-0.014678277509787285,0.07371443098505204,normal
pres20,2020 President (Biden),capitol_portal,FALSE,0.47167240761366647,poll,0.5122938541545248,0.04062144654085831,0.007517879233497597,0.02825453520175475,0.05298835787996181,normal
pres24,2024 President (Harris),vest,TRUE,0.4306112185407591,combined,0.5071558850835595,0.07654466654280034,0.015182210351659751,0.05146881549531113,0.10175632235634535,draws
pres24,2024 President (Harris),vest,TRUE,0.4306112185407591,fundamentals,0.5011904843512989,0.07057926581053975,0.026867084648887336,0.02638291156312006,0.11477562005795938,normal
pres24,2024 President (Harris),vest,TRUE,0.4306112185407591,poll,0.5122938541545248,0.08168263561376565,0.007517879233497597,0.0693157242746621,0.09404954695286916,normal
sen18,2018 U.S. Senate (O'Rourke),capitol_portal,FALSE,0.4870204293193049,combined,0.5071558850835595,0.020135455764254573,0.015182210351659751,-0.004940395283234644,0.04534711157779958,draws
sen18,2018 U.S. Senate (O'Rourke),capitol_portal,FALSE,0.4870204293193049,fundamentals,0.5011904843512989,0.014170055031993978,0.026867084648887336,-0.03002629921542571,0.05836640927941361,normal
sen18,2018 U.S. Senate (O'Rourke),capitol_portal,FALSE,0.4870204293193049,poll,0.5122938541545248,0.025273424835219882,0.007517879233497597,0.012906513496116323,0.037640336174323386,normal
sen20,2020 U.S. Senate (Hegar),capitol_portal,FALSE,0.4504867382582207,combined,0.5071558850835595,0.056669146825338745,0.015182210351659751,0.03159329577784953,0.08188080263888375,draws
sen20,2020 U.S. Senate (Hegar),capitol_portal,FALSE,0.4504867382582207,fundamentals,0.5011904843512989,0.05070374609307815,0.026867084648887336,0.006507391845658461,0.09490010034049778,normal
sen20,2020 U.S. Senate (Hegar),capitol_portal,FALSE,0.4504867382582207,poll,0.5122938541545248,0.061807115896304055,0.007517879233497597,0.049440204557200496,0.07417402723540756,normal
sen24,2024 U.S. Senate (Allred),vest,FALSE,0.4564727708657559,combined,0.5071558850835595,0.05068311421780358,0.015182210351659751,0.025607263170314365,0.07589477003134859,draws
sen24,2024 U.S. Senate (Allred),vest,FALSE,0.4564727708657559,fundamentals,0.5011904843512989,0.04471771348554299,0.026867084648887336,5.213592381232979e-4,0.08891406773296262,normal
sen24,2024 U.S. Senate (Allred),vest,FALSE,0.4564727708657559,poll,0.5122938541545248,0.05582108328876889,0.007517879233497597,0.04345417194966533,0.0681879946278724,normal
